family,m,n,instance,best_known,method,run,evaluations,ratio_raw,ratio_ls,ratio_1000shots,ratio_4000shots,median_abs_corr,two_qubit,non_clifford,depth,seconds
reg3,60,6,reg3_m60_s0,83.0,genpce_es,0,20010,0.8674698795180723,0.9397590361445783,0.7060240963855422,0.7620481927710844,0.05145733456292095,20,37,16,72.94601899999543
reg3,60,6,reg3_m60_s0,83.0,random,0,20000,0.7710843373493976,0.9156626506024096,0.7427710843373494,0.7572289156626506,0.10083535246455362
reg3,60,6,reg3_m60_s0,83.0,genpce_es,1,20010,0.8795180722891566,0.9156626506024096,0.8409638554216867,0.8590361445783132,0.1395638002972584,20,34,16,82.15733570000157
reg3,60,6,reg3_m60_s0,83.0,random,1,20000,0.7590361445783133,0.9397590361445783,0.655421686746988,0.708433734939759,0.05899208103753796
reg3,60,6,reg3_m60_s0,83.0,pce_vqa_L4,0,126549,0.8433734939759037,0.9036144578313253,0.8421686746987952,0.8433734939759037,0.24963487008347066,10,54,1161
reg3,60,6,reg3_m60_s0,83.0,pce_vqa_L4,1,130146,0.8554216867469879,0.9397590361445783,0.863855421686747,0.8596385542168674,0.2058071828580912,10,54,1194
reg3,60,6,reg3_m60_s0,83.0,pce_vqa_L8,0,366513,0.9518072289156626,0.9518072289156626,0.9518072289156626,0.9518072289156626,0.2255106206639197,20,108,1689
reg3,60,6,reg3_m60_s0,83.0,pce_vqa_L8,1,412083,0.9759036144578314,0.9759036144578314,0.9759036144578314,0.9759036144578314,0.23450131939134317,20,108,1899
reg3,60,6,reg3_m60_s1,81.0,genpce_es,0,20010,0.9012345679012346,0.9382716049382716,0.7518518518518519,0.7895061728395062,0.05917592909750882,20,33,16,71.78848019998986
reg3,60,6,reg3_m60_s1,81.0,random,0,20000,0.7654320987654321,0.9259259259259259,0.6567901234567901,0.7185185185185186,0.043708938978481604
reg3,60,6,reg3_m60_s1,81.0,genpce_es,1,20010,0.8888888888888888,0.9259259259259259,0.8234567901234568,0.8728395061728396,0.08644403152960753,20,35,16,69.58799030000228
reg3,60,6,reg3_m60_s1,81.0,random,1,20000,0.7654320987654321,0.9382716049382716,0.6839506172839506,0.7246913580246914,0.054084570545902974
reg3,60,6,reg3_m60_s1,81.0,pce_vqa_L4,0,123061,0.8395061728395061,0.9382716049382716,0.8469135802469135,0.8481481481481482,0.17828050142934249,10,54,1129
reg3,60,6,reg3_m60_s1,81.0,pce_vqa_L4,1,165026,0.8765432098765432,0.9259259259259259,0.874074074074074,0.8685185185185185,0.1819394973034778,10,54,1514
reg3,60,6,reg3_m60_s1,81.0,pce_vqa_L8,0,434000,0.9382716049382716,0.9382716049382716,0.9382716049382716,0.9382716049382716,0.23117912983371156,20,108,2000
reg3,60,6,reg3_m60_s1,81.0,pce_vqa_L8,1,414904,0.9259259259259259,0.9259259259259259,0.9259259259259259,0.9259259259259259,0.23418668769699766,20,108,1912
reg3,252,9,reg3_m252_s0,348.0,genpce_es,0,20010,0.7241379310344828,0.8850574712643678,0.618103448275862,0.6422413793103449,0.03385477074713214,32,49,16,132.26167469998472
reg3,252,9,reg3_m252_s0,348.0,random,0,20000,0.6408045977011494,0.8908045977011494,0.598132183908046,0.593103448275862,0.04553443131579319
reg3,252,9,reg3_m252_s0,348.0,genpce_es,1,20010,0.7270114942528736,0.882183908045977,0.6310344827586206,0.6656609195402299,0.044821347120877805,32,55,16,131.0975238000101
reg3,252,9,reg3_m252_s0,348.0,random,1,20000,0.6494252873563219,0.882183908045977,0.5494252873563218,0.5692528735632184,0.019317749625196907
reg3,252,9,reg3_m252_s0,348.0,pce_vqa_L4,0,338000,0.7787356321839081,0.9137931034482759,0.780603448275862,0.7875,0.12518643115590944,16,84,2000
reg3,252,9,reg3_m252_s0,348.0,pce_vqa_L4,1,295919,0.764367816091954,0.9080459770114943,0.757183908045977,0.7639367816091954,0.16552459937198696,16,84,1751
reg3,252,9,reg3_m252_s0,348.0,pce_vqa_L8,0,585032,0.8160919540229885,0.9166666666666666,0.8048850574712645,0.8114942528735631,0.13536272360439253,32,168,1736
reg3,252,9,reg3_m252_s0,348.0,pce_vqa_L8,1,666249,0.8304597701149425,0.9080459770114943,0.8224137931034482,0.8307471264367817,0.14232288776571023,32,168,1977
reg3,252,9,reg3_m252_s1,346.0,genpce_es,0,20010,0.7167630057803468,0.884393063583815,0.5778901734104046,0.6091040462427746,0.01953427942767183,32,54,16,166.56276200001594
reg3,252,9,reg3_m252_s1,346.0,random,0,20000,0.6878612716763006,0.9104046242774566,0.5888728323699421,0.6150289017341041,0.023849069718358595
reg3,252,9,reg3_m252_s1,346.0,genpce_es,1,20010,0.7427745664739884,0.9248554913294798,0.6264450867052023,0.6346820809248555,0.03468327108899473,32,51,16,161.4652667999908
reg3,252,9,reg3_m252_s1,346.0,random,1,20000,0.6763005780346821,0.861271676300578,0.5959537572254335,0.6154624277456647,0.02191457435757626
reg3,252,9,reg3_m252_s1,346.0,pce_vqa_L4,0,244036,0.7514450867052023,0.8786127167630058,0.7453757225433525,0.7492774566473989,0.14048262048703553,16,84,1444
reg3,252,9,reg3_m252_s1,346.0,pce_vqa_L4,1,317889,0.7687861271676301,0.9075144508670521,0.7618497109826591,0.7700867052023121,0.1150738527894303,16,84,1881
reg3,252,9,reg3_m252_s1,346.0,pce_vqa_L8,0,674000,0.8497109826589595,0.9219653179190751,0.8482658959537572,0.8524566473988439,0.132669756276519,32,168,2000
reg3,252,9,reg3_m252_s1,346.0,pce_vqa_L8,1,674000,0.8092485549132948,0.9190751445086706,0.8049132947976878,0.8085260115606936,0.12903873361087387,32,168,2000
er4,60,6,er4_m60_s0,99.0,genpce_es,0,20010,0.8686868686868687,0.9292929292929293,0.7484848484848484,0.7853535353535354,0.07016777708601857,20,34,16,76.72006439999677
er4,60,6,er4_m60_s0,99.0,random,0,20000,0.8181818181818182,0.8888888888888888,0.7151515151515151,0.7373737373737373,0.03918642448977741
er4,60,6,er4_m60_s0,99.0,genpce_es,1,20010,0.898989898989899,0.9393939393939394,0.859090909090909,0.8712121212121212,0.17778736371174703,20,38,16,80.1087150000094
er4,60,6,er4_m60_s0,99.0,random,1,20000,0.8383838383838383,0.9393939393939394,0.7818181818181819,0.8075757575757576,0.08734687522801907
er4,60,6,er4_m60_s0,99.0,pce_vqa_L4,0,116085,0.8686868686868687,0.9393939393939394,0.8757575757575757,0.8707070707070708,0.21103997440903854,10,54,1065
er4,60,6,er4_m60_s0,99.0,pce_vqa_L4,1,109109,0.9393939393939394,0.9797979797979798,0.9373737373737373,0.9378787878787879,0.18359702556325352,10,54,1001
er4,60,6,er4_m60_s0,99.0,pce_vqa_L8,0,434000,0.9393939393939394,0.9494949494949495,0.9393939393939394,0.9393939393939394,0.24312556988087497,20,108,2000
er4,60,6,er4_m60_s0,99.0,pce_vqa_L8,1,390383,1.0,1.0,1.0,1.0,0.23105164508665677,20,108,1799
er4,60,6,er4_m60_s1,100.0,genpce_es,0,20010,0.94,0.95,0.898,0.914,0.16174596599056695,20,39,16,83.60729350001202
er4,60,6,er4_m60_s1,100.0,random,0,20000,0.81,0.93,0.652,0.7375,0.02269528152942968
er4,60,6,er4_m60_s1,100.0,genpce_es,1,20010,0.93,0.94,0.8440000000000001,0.8885,0.12283068599831748,20,37,16,87.17240449998644
er4,60,6,er4_m60_s1,100.0,random,1,20000,0.81,0.9,0.7134999999999999,0.7334999999999999,0.0646738226532821
er4,60,6,er4_m60_s1,100.0,pce_vqa_L4,0,113796,0.93,0.97,0.9215000000000001,0.9255,0.15914466781606543,10,54,1044
er4,60,6,er4_m60_s1,100.0,pce_vqa_L4,1,141591,0.89,0.95,0.892,0.894,0.22116688738573992,10,54,1299
er4,60,6,er4_m60_s1,100.0,pce_vqa_L8,0,434000,0.99,0.99,0.99,0.99,0.2433083124735954,20,108,2000
er4,60,6,er4_m60_s1,100.0,pce_vqa_L8,1,425103,0.95,0.96,0.95,0.95,0.25170343125576833,20,108,1959
er4,252,9,er4_m252_s0,428.0,genpce_es,0,20010,0.7593457943925234,0.9065420560747663,0.6475467289719625,0.6705607476635514,0.02036281967295143,32,56,16,143.15203669999028
er4,252,9,er4_m252_s0,428.0,random,0,20000,0.6845794392523364,0.8761682242990654,0.631658878504673,0.6389018691588785,0.028744500158458232
er4,252,9,er4_m252_s0,428.0,genpce_es,1,20010,0.7757009345794392,0.8785046728971962,0.6657710280373832,0.6954439252336448,0.03597179204588571,32,50,16,148.0489349999989
er4,252,9,er4_m252_s0,428.0,random,1,20000,0.6962616822429907,0.8691588785046729,0.5968457943925234,0.6217289719626169,0.018682760277575004
er4,252,9,er4_m252_s0,428.0,pce_vqa_L4,0,162071,0.8200934579439252,0.9252336448598131,0.8070093457943924,0.8203271028037383,0.10874147876083956,16,84,959
er4,252,9,er4_m252_s0,428.0,pce_vqa_L4,1,335127,0.7920560747663551,0.8901869158878505,0.781658878504673,0.7880841121495328,0.1346158120041114,16,84,1983
er4,252,9,er4_m252_s0,428.0,pce_vqa_L8,0,586380,0.883177570093458,0.9228971962616822,0.8739485981308411,0.8810747663551403,0.1166738348831558,32,168,1740
er4,252,9,er4_m252_s0,428.0,pce_vqa_L8,1,674000,0.8878504672897196,0.9299065420560748,0.872429906542056,0.882359813084112,0.1256782728801572,32,168,2000
er4,252,9,er4_m252_s1,426.0,genpce_es,0,20010,0.7394366197183099,0.8896713615023474,0.6208920187793427,0.6454225352112676,0.02305728163609612,32,50,16,141.94413109999732
er4,252,9,er4_m252_s1,426.0,random,0,20000,0.6948356807511737,0.9061032863849765,0.6059859154929577,0.6372065727699531,0.035146648745700115
er4,252,9,er4_m252_s1,426.0,genpce_es,1,20010,0.7582159624413145,0.8708920187793427,0.640962441314554,0.6576291079812207,0.026104636616741547,32,49,16,146.92688349998207
er4,252,9,er4_m252_s1,426.0,random,1,20000,0.7276995305164319,0.8826291079812206,0.639906103286385,0.664906103286385,0.0252719999552816
er4,252,9,er4_m252_s1,426.0,pce_vqa_L4,0,338000,0.8051643192488263,0.9014084507042254,0.7915492957746478,0.7950704225352112,0.1315569836767948,16,84,2000
er4,252,9,er4_m252_s1,426.0,pce_vqa_L4,1,338000,0.7652582159624414,0.9084507042253521,0.7690140845070423,0.7666666666666667,0.13940733851817644,16,84,2000
er4,252,9,er4_m252_s1,426.0,pce_vqa_L8,0,674000,0.8896713615023474,0.9295774647887324,0.8774647887323944,0.886150234741784,0.12787477989001972,32,168,2000
er4,252,9,er4_m252_s1,426.0,pce_vqa_L8,1,576270,0.8427230046948356,0.9225352112676056,0.8456572769953051,0.8473004694835681,0.11569128021891499,32,168,1710
