target,family,method,run,ratio_raw,ratio_ls,median_abs_corr,rescore_best,hit_0.8,hit_0.85,hit_0.9,prior_mean,prior_max,prior_median_abs_corr,random_mean,random_max,random_median_abs_corr
reg3_m60_s6,reg3,cold,0,0.9259259259259259,0.9382716049382716,0.09146706609924732,0.8148148148148148,1210.0,1210.0,2610.0,0.5546913580246914,0.8024691358024691,0.05452283988269606,0.5568395061728395,0.7407407407407407,0.051520277193205274
reg3_m60_s6,reg3,prior_init,0,0.8765432098765432,0.9382716049382716,0.12023479541953633,0.8148148148148148,310.0,1110.0,,0.5546913580246914,0.8024691358024691,0.05452283988269606,0.5568395061728395,0.7407407407407407,0.051520277193205274
reg3_m60_s6,reg3,prior_prop,0,0.8765432098765432,0.9259259259259259,0.08070557807054796,0.8148148148148148,510.0,910.0,,0.5546913580246914,0.8024691358024691,0.05452283988269606,0.5568395061728395,0.7407407407407407,0.051520277193205274
reg3_m60_s6,reg3,db_rescore,0,0.8641975308641975,0.9382716049382716,0.07016132454883793,0.8148148148148148,10.0,360.0,,0.5546913580246914,0.8024691358024691,0.05452283988269606,0.5568395061728395,0.7407407407407407,0.051520277193205274
reg3_m60_s6,reg3,cold,1,0.8888888888888888,0.9629629629629629,0.09829664297326764,0.8148148148148148,1310.0,2410.0,,0.5546913580246914,0.8024691358024691,0.05452283988269606,0.5568395061728395,0.7407407407407407,0.051520277193205274
reg3_m60_s6,reg3,prior_init,1,0.8765432098765432,0.9259259259259259,0.06534651965040325,0.8148148148148148,860.0,7210.0,,0.5546913580246914,0.8024691358024691,0.05452283988269606,0.5568395061728395,0.7407407407407407,0.051520277193205274
reg3_m60_s6,reg3,prior_prop,1,0.8765432098765432,0.9506172839506173,0.10945136624638405,0.8148148148148148,360.0,10060.0,,0.5546913580246914,0.8024691358024691,0.05452283988269606,0.5568395061728395,0.7407407407407407,0.051520277193205274
reg3_m60_s6,reg3,db_rescore,1,0.9135802469135802,0.9382716049382716,0.07279786648621644,0.8148148148148148,10.0,1510.0,2260.0,0.5546913580246914,0.8024691358024691,0.05452283988269606,0.5568395061728395,0.7407407407407407,0.051520277193205274
reg3_m60_s7,reg3,cold,0,0.85,0.95,0.17523341728046382,0.825,410.0,1960.0,,0.561375,0.7375,0.05452283988269606,0.5599999999999999,0.75,0.05290726883753165
reg3_m60_s7,reg3,prior_init,0,0.925,0.9375,0.04727901076363118,0.825,810.0,2810.0,4860.0,0.561375,0.7375,0.05452283988269606,0.5599999999999999,0.75,0.05290726883753165
reg3_m60_s7,reg3,prior_prop,0,0.8875,0.9375,0.1224938344196552,0.825,1660.0,2310.0,,0.561375,0.7375,0.05452283988269606,0.5599999999999999,0.75,0.05290726883753165
reg3_m60_s7,reg3,db_rescore,0,0.925,0.9625,0.10566575788284241,0.825,10.0,610.0,5960.0,0.561375,0.7375,0.05452283988269606,0.5599999999999999,0.75,0.05290726883753165
reg3_m60_s7,reg3,cold,1,0.875,0.975,0.13270512732695272,0.825,610.0,2760.0,,0.561375,0.7375,0.05452283988269606,0.5599999999999999,0.75,0.05290726883753165
reg3_m60_s7,reg3,prior_init,1,0.8875,0.95,0.15610206904293988,0.825,660.0,1660.0,,0.561375,0.7375,0.05452283988269606,0.5599999999999999,0.75,0.05290726883753165
reg3_m60_s7,reg3,prior_prop,1,0.875,0.925,0.07153367253888154,0.825,610.0,1860.0,,0.561375,0.7375,0.05452283988269606,0.5599999999999999,0.75,0.05290726883753165
reg3_m60_s7,reg3,db_rescore,1,0.9125,0.975,0.06363872139669209,0.825,10.0,560.0,4210.0,0.561375,0.7375,0.05452283988269606,0.5599999999999999,0.75,0.05290726883753165
reg3_m60_s8,reg3,cold,0,0.8554216867469879,0.9397590361445783,0.12451634237467597,0.7590361445783133,2610.0,7410.0,,0.5425783132530121,0.7349397590361446,0.05452283988269606,0.5416626506024096,0.6867469879518072,0.049958098064606646
reg3_m60_s8,reg3,prior_init,0,0.891566265060241,0.9156626506024096,0.08042506661764162,0.7590361445783133,2060.0,3610.0,,0.5425783132530121,0.7349397590361446,0.05452283988269606,0.5416626506024096,0.6867469879518072,0.049958098064606646
reg3_m60_s8,reg3,prior_prop,0,0.7951807228915663,0.8795180722891566,0.13024451555800243,0.7590361445783133,,,,0.5425783132530121,0.7349397590361446,0.05452283988269606,0.5416626506024096,0.6867469879518072,0.049958098064606646
reg3_m60_s8,reg3,db_rescore,0,0.8795180722891566,0.891566265060241,0.13082433375805114,0.7590361445783133,1160.0,2060.0,,0.5425783132530121,0.7349397590361446,0.05452283988269606,0.5416626506024096,0.6867469879518072,0.049958098064606646
reg3_m60_s8,reg3,cold,1,0.8072289156626506,0.8674698795180723,0.0726262561587374,0.7590361445783133,1360.0,,,0.5425783132530121,0.7349397590361446,0.05452283988269606,0.5416626506024096,0.6867469879518072,0.049958098064606646
reg3_m60_s8,reg3,prior_init,1,0.8674698795180723,0.927710843373494,0.0416736016412074,0.7590361445783133,810.0,3060.0,,0.5425783132530121,0.7349397590361446,0.05452283988269606,0.5416626506024096,0.6867469879518072,0.049958098064606646
reg3_m60_s8,reg3,prior_prop,1,0.8795180722891566,0.9397590361445783,0.12406747779231153,0.7590361445783133,810.0,3260.0,,0.5425783132530121,0.7349397590361446,0.05452283988269606,0.5416626506024096,0.6867469879518072,0.049958098064606646
reg3_m60_s8,reg3,db_rescore,1,0.8554216867469879,0.927710843373494,0.115483397214002,0.7590361445783133,1560.0,5260.0,,0.5425783132530121,0.7349397590361446,0.05452283988269606,0.5416626506024096,0.6867469879518072,0.049958098064606646
er4_m60_s6,er4,cold,0,0.8514851485148515,0.8811881188118812,0.10439832474306363,0.8316831683168316,560.0,8060.0,,0.5930495049504951,0.7623762376237624,0.05452283988269606,0.5909702970297029,0.7722772277227723,0.05114928835225478
er4_m60_s6,er4,prior_init,0,0.8613861386138614,0.9207920792079208,0.12363840980626349,0.8316831683168316,760.0,1560.0,,0.5930495049504951,0.7623762376237624,0.05452283988269606,0.5909702970297029,0.7722772277227723,0.05114928835225478
er4_m60_s6,er4,prior_prop,0,0.8910891089108911,0.9306930693069307,0.11094079898537072,0.8316831683168316,410.0,1310.0,,0.5930495049504951,0.7623762376237624,0.05452283988269606,0.5909702970297029,0.7722772277227723,0.05114928835225478
er4_m60_s6,er4,db_rescore,0,0.9504950495049505,0.9801980198019802,0.10922234445634466,0.8316831683168316,10.0,160.0,1560.0,0.5930495049504951,0.7623762376237624,0.05452283988269606,0.5909702970297029,0.7722772277227723,0.05114928835225478
er4_m60_s6,er4,cold,1,0.8613861386138614,0.8811881188118812,0.11808919869608084,0.8316831683168316,760.0,2110.0,,0.5930495049504951,0.7623762376237624,0.05452283988269606,0.5909702970297029,0.7722772277227723,0.05114928835225478
er4_m60_s6,er4,prior_init,1,0.8910891089108911,0.9306930693069307,0.0810740725619741,0.8316831683168316,460.0,2510.0,,0.5930495049504951,0.7623762376237624,0.05452283988269606,0.5909702970297029,0.7722772277227723,0.05114928835225478
er4_m60_s6,er4,prior_prop,1,0.9306930693069307,0.9801980198019802,0.09274063252490339,0.8316831683168316,660.0,660.0,1510.0,0.5930495049504951,0.7623762376237624,0.05452283988269606,0.5909702970297029,0.7722772277227723,0.05114928835225478
er4_m60_s6,er4,db_rescore,1,0.9702970297029703,0.9801980198019802,0.09469647382620436,0.8316831683168316,10.0,210.0,560.0,0.5930495049504951,0.7623762376237624,0.05452283988269606,0.5909702970297029,0.7722772277227723,0.05114928835225478
er4_m60_s7,er4,cold,0,0.8686868686868687,0.9191919191919192,0.11973040434698287,0.8383838383838383,460.0,12260.0,,0.6029494949494949,0.7777777777777778,0.05452283988269606,0.6033737373737373,0.797979797979798,0.05284690864320357
er4_m60_s7,er4,prior_init,0,0.9090909090909091,0.9292929292929293,0.11286607504021737,0.8383838383838383,510.0,1010.0,2860.0,0.6029494949494949,0.7777777777777778,0.05452283988269606,0.6033737373737373,0.797979797979798,0.05284690864320357
er4_m60_s7,er4,prior_prop,0,0.8282828282828283,0.8787878787878788,0.12621159525852566,0.8383838383838383,1210.0,,,0.6029494949494949,0.7777777777777778,0.05452283988269606,0.6033737373737373,0.797979797979798,0.05284690864320357
er4_m60_s7,er4,db_rescore,0,0.8585858585858586,0.8787878787878788,0.08150845581448576,0.8383838383838383,10.0,1060.0,,0.6029494949494949,0.7777777777777778,0.05452283988269606,0.6033737373737373,0.797979797979798,0.05284690864320357
er4_m60_s7,er4,cold,1,0.8787878787878788,0.9191919191919192,0.06914978738871348,0.8383838383838383,760.0,1860.0,,0.6029494949494949,0.7777777777777778,0.05452283988269606,0.6033737373737373,0.797979797979798,0.05284690864320357
er4_m60_s7,er4,prior_init,1,0.8787878787878788,0.9090909090909091,0.10729097016652914,0.8383838383838383,610.0,3110.0,,0.6029494949494949,0.7777777777777778,0.05452283988269606,0.6033737373737373,0.797979797979798,0.05284690864320357
er4_m60_s7,er4,prior_prop,1,0.8888888888888888,0.9090909090909091,0.12128561842358317,0.8383838383838383,1460.0,3360.0,,0.6029494949494949,0.7777777777777778,0.05452283988269606,0.6033737373737373,0.797979797979798,0.05284690864320357
er4_m60_s7,er4,db_rescore,1,0.8888888888888888,0.9292929292929293,0.08675139135862961,0.8383838383838383,10.0,1560.0,,0.6029494949494949,0.7777777777777778,0.05452283988269606,0.6033737373737373,0.797979797979798,0.05284690864320357
er4_m60_s8,er4,cold,0,0.85,0.91,0.06347084032622746,0.83,260.0,3510.0,,0.5992799999999999,0.77,0.05452283988269606,0.605,0.77,0.05046271074803445
er4_m60_s8,er4,prior_init,0,0.88,0.94,0.10712891415073877,0.83,1360.0,3560.0,,0.5992799999999999,0.77,0.05452283988269606,0.605,0.77,0.05046271074803445
er4_m60_s8,er4,prior_prop,0,0.87,0.89,0.1319402049254797,0.83,560.0,6660.0,,0.5992799999999999,0.77,0.05452283988269606,0.605,0.77,0.05046271074803445
er4_m60_s8,er4,db_rescore,0,0.88,0.96,0.052420180782215664,0.83,10.0,110.0,,0.5992799999999999,0.77,0.05452283988269606,0.605,0.77,0.05046271074803445
er4_m60_s8,er4,cold,1,0.88,0.95,0.08229392039888322,0.83,610.0,1860.0,,0.5992799999999999,0.77,0.05452283988269606,0.605,0.77,0.05046271074803445
er4_m60_s8,er4,prior_init,1,0.93,0.96,0.09606937027690615,0.83,260.0,1310.0,7460.0,0.5992799999999999,0.77,0.05452283988269606,0.605,0.77,0.05046271074803445
er4_m60_s8,er4,prior_prop,1,0.88,0.98,0.09596090216130904,0.83,160.0,410.0,,0.5992799999999999,0.77,0.05452283988269606,0.605,0.77,0.05046271074803445
er4_m60_s8,er4,db_rescore,1,0.91,0.98,0.08553576079414821,0.83,10.0,160.0,12710.0,0.5992799999999999,0.77,0.05452283988269606,0.605,0.77,0.05046271074803445
