target,holdout,teacher_layers,discrete_layers,target_ratio,D_c_search,D_c_refined,D_c_pool_grid,D_c_M8,A_x_M8,ratio_M8,D_c_M16,A_x_M16,ratio_M16,D_c_M32,A_x_M32,ratio_M32,D_c_M64,A_x_M64,ratio_M64
T4_s0_final,False,4,8,0.8433734939759037,0.03095664114412736,0.008154505617866369,0.040553150212282896,0.033506657844438285,0.7833333333333333,0.7349397590361446,0.017998011864422788,0.9,0.7469879518072289,0.010361758691649403,0.95,0.8313253012048193,0.00946415894961854,0.9333333333333333,0.8192771084337349
T4_s0_q25,False,4,8,0.8433734939759037,0.026330812928043533,0.01536509417050434,0.05780179046485234,0.03195608761675485,0.7833333333333333,0.6867469879518072,0.024395909865169405,0.85,0.7831325301204819,0.017869831601151468,0.9166666666666666,0.7108433734939759,0.015670823448336972,0.95,0.7831325301204819
T4_s0_q50,False,4,8,0.8433734939759037,0.015658647310278637,0.0023186754089188056,0.04679157736262209,0.0261692273289683,0.8833333333333333,0.6626506024096386,0.007557485248420378,0.95,0.8072289156626506,0.004956205260134118,0.9333333333333333,0.7951807228915663,0.0028624329489772148,0.9666666666666667,0.8192771084337349
T4_s1_final,False,4,8,0.8433734939759037,0.02317468274635946,0.0014445327798003097,0.03300212084951913,0.03249356874660366,0.7666666666666667,0.5542168674698795,0.007004324710956506,0.95,0.8072289156626506,0.003315920746069631,0.9833333333333333,0.8313253012048193,0.001689212190475432,0.9833333333333333,0.8313253012048193
T4_s2_final,False,4,8,0.927710843373494,0.015496326954484966,0.011601660850004913,0.020705065699047485,0.030890637998551476,0.7833333333333333,0.6987951807228916,0.019942379614589348,0.8166666666666667,0.6987951807228916,0.014094373394238796,0.8666666666666667,0.7831325301204819,0.012774542833423861,0.8333333333333334,0.7349397590361446
T4_s3_final,False,4,8,0.7951807228915663,0.023598568416988076,0.014860465204001869,0.034435607478001846,0.03350541939988625,0.8333333333333334,0.6746987951807228,0.025729163342681282,0.8833333333333333,0.7108433734939759,0.01678092890278039,0.9166666666666666,0.7590361445783133,0.015489089689451249,0.95,0.7831325301204819
T4_s4_final,False,4,8,0.8313253012048193,0.030558527288726618,0.022291188696667012,0.047420071993534235,0.04177644784121173,0.6666666666666666,0.46987951807228917,0.026363017144079397,0.9,0.8313253012048193,0.023710233663082957,0.8833333333333333,0.7951807228915663,0.02275929747695655,0.9166666666666666,0.7951807228915663
T4_s5_final,False,4,8,0.8795180722891566,0.03627633858779776,0.028138301897964457,0.045459183259130814,0.05535862769563624,0.6666666666666666,0.5421686746987951,0.03214426747927264,0.9,0.7831325301204819,0.030385068463003595,0.9,0.8072289156626506,0.02872329905184249,0.9166666666666666,0.7710843373493976
T4_s6_final,False,4,8,0.8192771084337349,0.013394032668190432,0.0065503666372694275,0.03215161063216897,0.031206667362578388,0.7833333333333333,0.6626506024096386,0.014052584472360933,0.8333333333333334,0.6987951807228916,0.008712324246191037,0.9333333333333333,0.7710843373493976,0.007105626649239456,0.9666666666666667,0.7951807228915663
T4_s7_final,True,4,8,0.8554216867469879,0.01595815201287114,0.0009797303774390909,0.0535459385165297,0.01859617911717728,0.85,0.7228915662650602,0.005936998860648867,0.9666666666666667,0.8072289156626506,0.002812796385031581,1.0,0.8554216867469879,0.0013264237781843767,1.0,0.8554216867469879
T4_s8_final,True,4,8,0.8674698795180723,0.012994805590146735,0.007177067065462829,0.017024250097124,0.020990439022092137,0.7166666666666667,0.5903614457831325,0.015610658291609037,0.8666666666666667,0.7710843373493976,0.00841231516906789,0.9166666666666666,0.7349397590361446,0.007793232050795249,0.95,0.7831325301204819
T4_s9_final,True,4,8,0.8313253012048193,0.009384436510780936,0.004135453726284758,0.0150431549866071,0.030326528988255618,0.8666666666666667,0.6385542168674698,0.01212963607433053,0.9,0.7108433734939759,0.007165982079222721,0.9333333333333333,0.8554216867469879,0.004824041219740235,0.9666666666666667,0.8313253012048193
T4_s9_q25,True,4,8,0.8313253012048193,0.011981474123541735,0.0032087089570626464,0.020925252535436298,0.024616933563595168,0.8166666666666667,0.6987951807228916,0.010348362104562553,0.95,0.7951807228915663,0.00597487443308894,0.9666666666666667,0.8313253012048193,0.0037279383566815785,0.9666666666666667,0.8313253012048193
T4_s9_q50,True,4,8,0.8313253012048193,0.013440634816693728,0.0007793372636256423,0.03974691300138708,0.03621216131392642,0.7166666666666667,0.6265060240963856,0.0058920121507975345,0.9833333333333333,0.7951807228915663,0.0025495101398491623,1.0,0.8313253012048193,0.0012747752381796755,1.0,0.8313253012048193
T8_s0_final,False,8,8,0.9518072289156626,0.024310835983675855,0.008165949164255493,0.034287227224226974,0.029407178629780685,0.7666666666666667,0.6626506024096386,0.016921789065544354,0.95,0.891566265060241,0.010459594417891032,0.9833333333333333,0.9156626506024096,0.00871058995760126,0.9833333333333333,0.9156626506024096
T8_s0_q25,False,8,8,0.891566265060241,0.018165912771123945,0.006093673266874069,0.014755168280178964,0.01889357577026494,0.85,0.7349397590361446,0.010206776163952649,0.9666666666666667,0.8433734939759037,0.007464194050224035,0.9833333333333333,0.8795180722891566,0.006577965279957799,1.0,0.891566265060241
T8_s0_q50,False,8,8,0.9518072289156626,0.019184262366159298,0.008043088755747425,0.022515586125593554,0.028647619855925253,0.8166666666666667,0.6987951807228916,0.015222628996618968,0.8833333333333333,0.8433734939759037,0.010256497341537508,0.9833333333333333,0.9397590361445783,0.008860319749046634,0.9666666666666667,0.927710843373494
T8_s1_final,False,8,8,0.927710843373494,0.023800531313357458,0.008778236812445307,0.02377283442468348,0.04344481765296315,0.7,0.6385542168674698,0.014042190035344944,0.95,0.8433734939759037,0.010670006906949522,0.9666666666666667,0.8795180722891566,0.00956799953308659,0.9833333333333333,0.9156626506024096
T8_s2_final,False,8,8,0.8674698795180723,0.0262380740734777,0.01237816818788045,0.044730113465908224,0.04269978145108581,0.7166666666666667,0.5903614457831325,0.026223240620677032,0.9,0.8192771084337349,0.01406143983704044,0.9666666666666667,0.8433734939759037,0.012938896902337458,0.9666666666666667,0.8433734939759037
T8_s3_final,False,8,8,0.9759036144578314,0.023289805017862417,0.012013300405882112,0.05509170412245117,0.03514264218276562,0.7833333333333333,0.7710843373493976,0.01904754625805071,0.95,0.891566265060241,0.014347571252716627,0.9333333333333333,0.8554216867469879,0.012246978792171754,0.9666666666666667,0.927710843373494
T8_s4_final,False,8,8,0.9397590361445783,0.02801909985634994,0.012894818026070036,0.058943896217001496,0.036942769627685834,0.7833333333333333,0.6867469879518072,0.02362361142770191,0.9333333333333333,0.891566265060241,0.01577736648013893,0.9333333333333333,0.891566265060241,0.013624052345688335,0.9166666666666666,0.8554216867469879
T8_s5_final,False,8,8,0.9879518072289156,0.02519038111733617,0.00933763992067771,0.04606987019882094,0.03154308016990213,0.8166666666666667,0.7349397590361446,0.01552805869100468,0.95,0.9036144578313253,0.011458464118904381,0.95,0.9036144578313253,0.009779604743358272,0.95,0.9036144578313253
T8_s6_final,False,8,8,0.9879518072289156,0.03192307658190229,0.014427734913152718,0.038874800024535125,0.024581821054973706,0.8833333333333333,0.8795180722891566,0.020407738070958435,0.9,0.8433734939759037,0.016280388466796924,0.9666666666666667,0.9397590361445783,0.015107679415387147,0.9833333333333333,0.9759036144578314
T8_s7_final,True,8,8,0.8795180722891566,0.030432338236389626,0.007880007151071067,0.062092861298488,0.047345954468483324,0.75,0.6746987951807228,0.01933503096489412,0.9166666666666666,0.7710843373493976,0.012130427401042617,0.9,0.7831325301204819,0.008586822291138657,0.9833333333333333,0.8674698795180723
T8_s8_final,True,8,8,0.9397590361445783,0.022524185527764775,0.011241493682955768,0.03972029140617263,0.038976049817459196,0.8166666666666667,0.6867469879518072,0.02285870879774068,0.9,0.8192771084337349,0.013124306458380083,0.9333333333333333,0.8433734939759037,0.011758417677425751,0.9166666666666666,0.8072289156626506
T8_s9_final,True,8,8,0.9156626506024096,0.022932831220159253,0.013942286191435959,0.04310532718631774,0.03211798412317075,0.7166666666666667,0.6144578313253012,0.0206248161990847,0.8333333333333334,0.6506024096385542,0.016638688064943584,0.9333333333333333,0.8433734939759037,0.014575747504803215,0.95,0.8554216867469879
T8_s9_q25,True,8,8,0.9156626506024096,0.013589861328465309,0.004309936127100378,0.0475705184844925,0.03738140737687059,0.6833333333333333,0.5662650602409639,0.010512137316720885,0.9833333333333333,0.8795180722891566,0.007010333013344405,0.9666666666666667,0.891566265060241,0.004560293176326965,1.0,0.9156626506024096
T8_s9_q50,True,8,8,0.9156626506024096,0.017720441105948784,0.004231068843664075,0.06388426583265706,0.034431969043543335,0.8333333333333334,0.7951807228915663,0.009616485487318189,0.95,0.8554216867469879,0.005819572334294966,0.95,0.8795180722891566,0.0046127495078996895,1.0,0.9156626506024096
T4_s0_final,False,4,4,0.8433734939759037,0.020582042678442884,0.016729970221014023,0.02791018914104189,0.027226308482435183,0.9166666666666666,0.7108433734939759,0.019516076892947678,0.9,0.6987951807228916,0.0172033285173709,0.8833333333333333,0.6867469879518072,0.017006778531094797,0.8833333333333333,0.6867469879518072
T4_s0_q25,False,4,4,0.8433734939759037,0.019405322680238254,0.014685918515664372,0.03103656998977241,0.022872030161556214,0.8833333333333333,0.7108433734939759,0.02059685316441682,0.9333333333333333,0.7951807228915663,0.015953972446095487,0.95,0.8072289156626506,0.015056690921117622,0.9333333333333333,0.7951807228915663
T4_s0_q50,False,4,4,0.8433734939759037,0.018798518467515114,0.016060121265419582,0.019893812671049373,0.027507989885011207,0.8666666666666667,0.7228915662650602,0.020437809937150043,0.8833333333333333,0.6867469879518072,0.01706217814236334,0.8333333333333334,0.6987951807228916,0.016259355666836124,0.9,0.6987951807228916
T4_s1_final,False,4,4,0.8433734939759037,0.03251956791832442,0.017238056055029632,0.04968780665225505,0.029988193714356137,0.8333333333333334,0.7469879518072289,0.01940053019508366,0.8,0.6506024096385542,0.01837621156522545,0.85,0.6867469879518072,0.01751395157556473,0.8333333333333334,0.6987951807228916
T4_s2_final,False,4,4,0.927710843373494,0.03216414537366137,0.026089749029612627,0.036047930287496116,0.041445637236031556,0.65,0.6987951807228916,0.03412750764231946,0.7833333333333333,0.6265060240963856,0.02673791549148261,0.7666666666666667,0.6385542168674698,0.026202032225434334,0.7833333333333333,0.6746987951807228
T4_s3_final,False,4,4,0.7951807228915663,0.026373434772841896,0.00257499381808375,0.07575958298141598,0.01444110258631353,0.9666666666666667,0.7710843373493976,0.007855787813560474,0.9833333333333333,0.8072289156626506,0.004239893569490844,0.9666666666666667,0.7469879518072289,0.0030429730348647496,1.0,0.7951807228915663
T4_s4_final,False,4,4,0.8313253012048193,0.01871542685935228,0.012850413959108842,0.03830365235472386,0.02279129336577643,0.8333333333333334,0.6385542168674698,0.015540607001375384,0.9,0.7349397590361446,0.013409483650933316,0.9166666666666666,0.7228915662650602,0.013194466752096297,0.9,0.7108433734939759
T4_s5_final,False,4,4,0.8795180722891566,0.021676315644567352,0.01704567872540535,0.02641093521986879,0.030874383778102754,0.7666666666666667,0.6385542168674698,0.024498469193045415,0.95,0.8192771084337349,0.02054231362878548,0.9333333333333333,0.8072289156626506,0.017290229643837075,0.9333333333333333,0.8072289156626506
T4_s6_final,False,4,4,0.8192771084337349,0.01631458009347824,0.009765711089080926,0.017301532596072134,0.018665922893001168,0.8,0.6506024096385542,0.015614369486977166,0.8166666666666667,0.6867469879518072,0.01010715117563578,0.8666666666666667,0.6987951807228916,0.00992398935626236,0.8833333333333333,0.7108433734939759
T4_s7_final,True,4,4,0.8554216867469879,0.018486574869782446,0.01431585318715259,0.03520005412909523,0.02479536396301978,0.6833333333333333,0.6265060240963856,0.01813931422291891,0.8333333333333334,0.6867469879518072,0.01587008240020165,0.85,0.7228915662650602,0.014460405886743894,0.9,0.7349397590361446
T4_s8_final,True,4,4,0.8674698795180723,0.024699567205275004,0.011315274492355955,0.02851162559004563,0.023549135486936712,0.8333333333333334,0.6987951807228916,0.017334577777767996,0.8166666666666667,0.7349397590361446,0.011880790525183453,0.85,0.7108433734939759,0.011501976092027522,0.8333333333333334,0.7469879518072289
T4_s9_final,True,4,4,0.8313253012048193,0.007873762517642251,0.0030743750346601735,0.020656275310402848,0.021295161134799526,0.9166666666666666,0.7228915662650602,0.00902421291750023,0.9666666666666667,0.8072289156626506,0.004504080940317859,0.9833333333333333,0.7951807228915663,0.003299507758829232,0.9833333333333333,0.7951807228915663
T4_s9_q25,True,4,4,0.8313253012048193,0.016508759262619657,0.0080493363825676,0.035906264401151945,0.0403175117347725,0.8166666666666667,0.6746987951807228,0.013330771151200458,0.8833333333333333,0.6987951807228916,0.010339365942657856,0.9833333333333333,0.7951807228915663,0.008426545196666052,0.9333333333333333,0.7108433734939759
T4_s9_q50,True,4,4,0.8313253012048193,0.02057172795864254,0.007028849003590557,0.06752469761555234,0.019914993696820704,0.9,0.7349397590361446,0.014968981681347682,0.9166666666666666,0.7469879518072289,0.008296329178846849,0.9166666666666666,0.7228915662650602,0.007291058295737412,0.9666666666666667,0.7831325301204819
T8_s0_final,False,8,4,0.9518072289156626,0.02935517583473337,0.019991935242164204,0.03796208439176939,0.029630185963090715,0.8333333333333334,0.6867469879518072,0.026532677934825447,0.7833333333333333,0.6746987951807228,0.021191029736735374,0.8666666666666667,0.7590361445783133,0.02010961896785599,0.85,0.7469879518072289
T8_s0_q25,False,8,4,0.891566265060241,0.02395600568551683,0.01421995587641341,0.0464124885728793,0.03458177375198378,0.7333333333333333,0.6506024096385542,0.016751740716872777,0.9166666666666666,0.7831325301204819,0.01539912069776592,0.8833333333333333,0.7590361445783133,0.014463539902445784,0.9,0.7469879518072289
T8_s0_q50,False,8,4,0.9518072289156626,0.04117102963002039,0.016070982068655863,0.053082662815011554,0.02526225080930037,0.75,0.6987951807228916,0.02152167356120832,0.8166666666666667,0.7228915662650602,0.0180244274745124,0.8166666666666667,0.7469879518072289,0.016467159591141308,0.85,0.7469879518072289
T8_s1_final,False,8,4,0.927710843373494,0.029235920396018914,0.020916266710813414,0.08689209506074737,0.03060443443708379,0.75,0.6746987951807228,0.023544559915263753,0.8833333333333333,0.8192771084337349,0.022202105019265925,0.8666666666666667,0.7831325301204819,0.021097589438226108,0.8666666666666667,0.8072289156626506
T8_s2_final,False,8,4,0.8674698795180723,0.02999540551397356,0.02713720511236097,0.03772669106975595,0.04045037956547814,0.7166666666666667,0.5903614457831325,0.03184942316977058,0.8166666666666667,0.6144578313253012,0.027693850208775128,0.9,0.7469879518072289,0.02759197767000354,0.8166666666666667,0.6867469879518072
T8_s3_final,False,8,4,0.9759036144578314,0.03666950151737981,0.02725661814597496,0.05743283717218044,0.03988834547458989,0.75,0.6746987951807228,0.03298229497123483,0.7833333333333333,0.6265060240963856,0.027883117328789862,0.8333333333333334,0.6867469879518072,0.02752588991755761,0.85,0.7228915662650602
T8_s4_final,False,8,4,0.9397590361445783,0.04412733043428574,0.018481338724054042,0.0532164672096458,0.036734380524034264,0.8,0.7228915662650602,0.020821640587338413,0.8166666666666667,0.6626506024096386,0.0197913611915334,0.8333333333333334,0.6746987951807228,0.018728836432833774,0.8333333333333334,0.6746987951807228
T8_s5_final,False,8,4,0.9879518072289156,0.033609209262252096,0.025858958021580395,0.05395008267571053,0.04960107780076824,0.75,0.5662650602409639,0.029700364693544885,0.85,0.8072289156626506,0.026840008217265884,0.85,0.7349397590361446,0.026215520462183627,0.8333333333333334,0.7710843373493976
T8_s6_final,False,8,4,0.9879518072289156,0.02896101818919246,0.02128569540529637,0.050715353186848035,0.03276688293727447,0.7833333333333333,0.6626506024096386,0.02611777358652588,0.8333333333333334,0.7951807228915663,0.022418043848091453,0.8666666666666667,0.8433734939759037,0.021435228726359345,0.8666666666666667,0.8674698795180723
T8_s7_final,True,8,4,0.8795180722891566,0.0384598980560017,0.018255540050560307,0.04665580194685149,0.042882187414540245,0.7833333333333333,0.6506024096385542,0.023252268372598344,0.9,0.7590361445783133,0.02054575964028354,0.9166666666666666,0.7951807228915663,0.018698010182838183,0.9166666666666666,0.7951807228915663
T8_s8_final,True,8,4,0.9397590361445783,0.02940866120917211,0.02673779275368459,0.03200862713136106,0.03697199770015302,0.65,0.5662650602409639,0.030197616155129895,0.75,0.5662650602409639,0.02806595107456441,0.8,0.6987951807228916,0.027021380347871434,0.8,0.6987951807228916
T8_s9_final,True,8,4,0.9156626506024096,0.02891151263477708,0.022076521758675912,0.032045704866949166,0.030529245834340232,0.85,0.7590361445783133,0.026961981281100857,0.8,0.6987951807228916,0.022856534809124425,0.8166666666666667,0.7108433734939759,0.022290696375451554,0.8333333333333334,0.7228915662650602
T8_s9_q25,True,8,4,0.9156626506024096,0.022733983818712958,0.01787871335280474,0.028142608360880155,0.03522349500382002,0.7,0.6506024096385542,0.022524386603030556,0.85,0.7590361445783133,0.0187149851490488,0.8333333333333334,0.6746987951807228,0.018121743614940237,0.8333333333333334,0.6746987951807228
T8_s9_q50,True,8,4,0.9156626506024096,0.03149016057664527,0.01986412464127001,0.05920919247141868,0.03607115362309673,0.7666666666666667,0.6265060240963856,0.022140502697897288,0.8666666666666667,0.7951807228915663,0.02084442612382831,0.8666666666666667,0.7710843373493976,0.020144042291069794,0.8666666666666667,0.7710843373493976
