target,teacher_layers,seed,stage,holdout,corpus_index,target_cut,target_loss,step,discrete_layers,method,K,executed,D_c,rel_err,A_x,A_x_flip,ratio,target_ratio,median_abs_corr,target_median_abs_corr,temperature,min_hamming_to_train,unique_fraction,ratio_1000shots,max_ratio_any_sample,sampled,filter_spearman
T4_s7_final,4,7,final,True,1548,71.0,-35.68206744446223,1213,4,random,1,1,0.07498905347574925,1.2559698908914703,0.5115,0.5538333333333333,0.5312048192771083,0.8554216867469882,0.020231270542830103,0.18855801576238726,,,,,,,
T4_s7_final,4,7,final,True,1548,71.0,-35.68206744446223,1213,4,random,10,10,0.052448471516683436,1.060221442531,0.5283333333333333,0.5416666666666667,0.53855421686747,0.8554216867469879,0.012492103759112336,0.18855801576238732,,,,,,,
T4_s7_final,4,7,final,True,1548,71.0,-35.68206744446223,1213,4,random,100,100,0.04744925819326098,1.0093903186585391,0.55,0.55,0.6746987951807228,0.8554216867469879,0.008026085002018502,0.1885580157623873,,,,,,,
T4_s7_final,4,7,final,True,1548,71.0,-35.68206744446223,1213,4,generator_T1.0,1,1,0.06713463835659188,1.1926281808910857,0.528,0.5589999999999999,0.5539759036144577,0.8554216867469882,0.0465743040909517,0.18855801576238726,1.0,8.18,1.0,,,,
T4_s7_final,4,7,final,True,1548,71.0,-35.68206744446223,1213,4,generator_T1.0,10,10,0.04943053897594772,1.0291776242513715,0.575,0.575,0.5939759036144578,0.8554216867469879,0.03766229882689729,0.18855801576238732,1.0,8.18,1.0,,,,
T4_s7_final,4,7,final,True,1548,71.0,-35.68206744446223,1213,4,generator_T1.0,100,100,0.043046368685917914,0.9614189585970974,0.6833333333333333,0.6833333333333333,0.5542168674698795,0.8554216867469879,0.03781411066522407,0.1885580157623873,1.0,8.18,1.0,0.5259036144578313,0.7469879518072289,,
T4_s7_final,4,7,final,True,1548,71.0,-35.68206744446223,1213,4,generator+filter_T1.0,1,1,0.06358833440938728,1.1631159763908523,0.5205,0.5621666666666666,0.5396385542168675,0.8554216867469882,0.0353228126592046,0.18855801576238726,1.0,,,,,1000.0,0.0978097809780978
T4_s7_final,4,7,final,True,1548,71.0,-35.68206744446223,1213,4,generator+filter_T1.0,10,10,0.04714068964947614,1.0054267978754672,0.5883333333333333,0.5883333333333333,0.5554216867469879,0.8554216867469879,0.03655879558526725,0.18855801576238732,1.0,,,,,1000.0,0.0978097809780978
T4_s7_final,4,7,final,True,1548,71.0,-35.68206744446223,1213,4,generator+filter_T1.0,100,100,0.04259660795809347,0.9563831806096303,0.55,0.55,0.5783132530120482,0.8554216867469879,7.806255641895632e-17,0.1885580157623873,1.0,,,,,1000.0,0.0978097809780978
T4_s7_final,4,7,final,True,1548,71.0,-35.68206744446223,1213,4,generator_T0.7,1,1,0.06264638230175629,1.1553336673349255,0.5445,0.5651666666666666,0.5755421686746988,0.8554216867469882,0.06551170062585944,0.18855801576238726,0.7,3.08,0.75,,,,
T4_s7_final,4,7,final,True,1548,71.0,-35.68206744446223,1213,4,generator_T0.7,10,10,0.049098718913897464,1.0262204522421334,0.605,0.6083333333333333,0.5216867469879518,0.8554216867469879,0.04993188834475363,0.18855801576238732,0.7,3.08,0.75,,,,
T4_s7_final,4,7,final,True,1548,71.0,-35.68206744446223,1213,4,generator_T0.7,100,100,0.04365863953394375,0.9682321975493954,0.48333333333333334,0.5166666666666666,0.5542168674698795,0.8554216867469879,0.03269400423381244,0.1885580157623873,0.7,3.08,0.75,0.5445783132530121,0.7710843373493976,,
T4_s7_final,4,7,final,True,1548,71.0,-35.68206744446223,1213,4,nearest_train,1,0,0.03402683022252347,0.8547816068599915,0.6333333333333333,0.6333333333333333,0.5421686746987951,0.8554216867469879,0.040268247947096825,0.1885580157623873,,,,,,,
T4_s7_final,4,7,final,True,1548,71.0,-35.68206744446223,1213,4,nearest_train,10,0,0.03402683022252347,0.8547816068599915,0.6333333333333333,0.6333333333333333,0.5421686746987951,0.8554216867469879,0.040268247947096825,0.1885580157623873,,,,,,,
T4_s7_final,4,7,final,True,1548,71.0,-35.68206744446223,1213,4,nearest_train,100,0,0.03402683022252347,0.8547816068599915,0.6333333333333333,0.6333333333333333,0.5421686746987951,0.8554216867469879,0.040268247947096825,0.1885580157623873,,,,,,,
T4_s7_final,4,7,final,True,1548,71.0,-35.68206744446223,1213,4,search_ceiling,0,20000,0.018486574833551265,0.6300465647252389,0.8166666666666667,0.8166666666666667,0.6746987951807228,0.8554216867469879,0.06430256202353646,0.1885580157623873,,,,0.6897590361445783,,,
T4_s8_final,4,8,final,True,1727,72.0,-36.66570584041992,889,4,random,1,1,0.0679910118586783,1.3028578496868548,0.5035000000000001,0.5561666666666665,0.49915662650602405,0.8674698795180721,0.017500273105902603,0.18610826909566927,,,,,,,
T4_s8_final,4,8,final,True,1727,72.0,-36.66570584041992,889,4,random,10,10,0.04536657100890884,1.0751231903505427,0.53,0.5566666666666665,0.5108433734939759,0.8674698795180722,0.012572321878504687,0.1861082690956693,,,,,,,
T4_s8_final,4,8,final,True,1727,72.0,-36.66570584041992,889,4,random,100,100,0.03842045829920957,0.990916212052457,0.55,0.55,0.46987951807228917,0.8674698795180723,8.326672684688674e-17,0.1861082690956693,,,,,,,
T4_s8_final,4,8,final,True,1727,72.0,-36.66570584041992,889,4,generator_T1.0,1,1,0.05672955243676564,1.1961623565510202,0.5473333333333332,0.5676666666666667,0.5775903614457831,0.8674698795180721,0.0746722933210175,0.18610826909566927,1.0,5.56,0.87,,,,
T4_s8_final,4,8,final,True,1727,72.0,-36.66570584041992,889,4,generator_T1.0,10,10,0.034828114982141466,0.9376895004306721,0.5916666666666666,0.595,0.5987951807228915,0.8674698795180722,0.048481086785664096,0.1861082690956693,1.0,5.56,0.87,,,,
T4_s8_final,4,8,final,True,1727,72.0,-36.66570584041992,889,4,generator_T1.0,100,100,0.028249247529597322,0.8496872575281121,0.6166666666666667,0.6166666666666667,0.6626506024096386,0.8674698795180723,0.05883761515335084,0.1861082690956693,1.0,5.56,0.87,0.6560240963855422,0.7469879518072289,,
T4_s8_final,4,8,final,True,1727,72.0,-36.66570584041992,889,4,generator+filter_T1.0,1,1,0.033016799036649266,0.9156438640976614,0.6146666666666666,0.6156666666666666,0.6291566265060241,0.8674698795180721,0.052630965945653044,0.18610826909566927,1.0,,,,,1000.0,-0.0752163168116796
T4_s8_final,4,8,final,True,1727,72.0,-36.66570584041992,889,4,generator+filter_T1.0,10,10,0.026120040652017888,0.816789682459593,0.6433333333333333,0.6433333333333333,0.6626506024096386,0.8674698795180722,0.056956821094406786,0.1861082690956693,1.0,,,,,1000.0,-0.0752163168116796
T4_s8_final,4,8,final,True,1727,72.0,-36.66570584041992,889,4,generator+filter_T1.0,100,100,0.02504418531111272,0.8000352406744434,0.6666666666666666,0.6666666666666666,0.6746987951807228,0.8674698795180723,0.06348929984340392,0.1861082690956693,1.0,,,,,1000.0,-0.0752163168116796
T4_s8_final,4,8,final,True,1727,72.0,-36.66570584041992,889,4,generator_T0.7,1,1,0.054734921768491464,1.1771951865016819,0.5913333333333333,0.595,0.6224096385542169,0.8674698795180721,0.12089707528291857,0.18610826909566927,0.7,1.36,0.45,,,,
T4_s8_final,4,8,final,True,1727,72.0,-36.66570584041992,889,4,generator_T0.7,10,10,0.036980767339242465,0.9677623514960118,0.5566666666666666,0.5599999999999999,0.6168674698795181,0.8674698795180722,0.06252993973242935,0.1861082690956693,0.7,1.36,0.45,,,,
T4_s8_final,4,8,final,True,1727,72.0,-36.66570584041992,889,4,generator_T0.7,100,100,0.0301532384614842,0.8778547116252811,0.6,0.6,0.6746987951807228,0.8674698795180723,0.08160645614136736,0.1861082690956693,0.7,1.36,0.45,0.6662650602409638,0.7590361445783133,,
T4_s8_final,4,8,final,True,1727,72.0,-36.66570584041992,889,4,nearest_train,1,0,0.02125171239633186,0.7369747835733376,0.7166666666666667,0.7166666666666667,0.6385542168674698,0.8674698795180723,0.04957921430468559,0.1861082690956693,,,,,,,
T4_s8_final,4,8,final,True,1727,72.0,-36.66570584041992,889,4,nearest_train,10,0,0.02125171239633186,0.7369747835733376,0.7166666666666667,0.7166666666666667,0.6385542168674698,0.8674698795180723,0.04957921430468559,0.1861082690956693,,,,,,,
T4_s8_final,4,8,final,True,1727,72.0,-36.66570584041992,889,4,nearest_train,100,0,0.02125171239633186,0.7369747835733376,0.7166666666666667,0.7166666666666667,0.6385542168674698,0.8674698795180723,0.04957921430468559,0.1861082690956693,,,,,,,
T4_s8_final,4,8,final,True,1727,72.0,-36.66570584041992,889,4,search_ceiling,0,20000,0.024699567146924447,0.7945117685847036,0.75,0.75,0.7108433734939759,0.8674698795180723,0.051246124554185715,0.1861082690956693,,,,0.6626506024096386,,,
T4_s9_final,4,9,final,True,1952,69.0,-34.45158853023959,1118,4,random,1,1,0.08075937651606808,1.2075478270089446,0.5043333333333334,0.5593333333333332,0.526265060240964,0.8313253012048188,0.01794716817788306,0.21214030599322786,,,,,,,
T4_s9_final,4,9,final,True,1952,69.0,-34.45158853023959,1118,4,random,10,10,0.058604205680551566,1.035088940099809,0.5549999999999999,0.5616666666666668,0.5313253012048192,0.8313253012048193,0.014940897255721541,0.21214030599322792,,,,,,,
T4_s9_final,4,9,final,True,1952,69.0,-34.45158853023959,1118,4,random,100,100,0.04960193889812121,0.9531929407426822,0.6,0.6,0.46987951807228917,0.8313253012048193,3.664603343001005e-17,0.2121403059932279,,,,,,,
T4_s9_final,4,9,final,True,1952,69.0,-34.45158853023959,1118,4,generator_T1.0,1,1,0.0705318430707226,1.127140953031162,0.5323333333333333,0.5663333333333332,0.5734939759036145,0.8313253012048188,0.048174265748545816,0.21214030599322786,1.0,7.76,0.94,,,,
T4_s9_final,4,9,final,True,1952,69.0,-34.45158853023959,1118,4,generator_T1.0,10,10,0.05383281842116157,0.992464805961275,0.5983333333333334,0.5983333333333334,0.6204819277108433,0.8313253012048193,0.05324497139164165,0.21214030599322792,1.0,7.76,0.94,,,,
T4_s9_final,4,9,final,True,1952,69.0,-34.45158853023959,1118,4,generator_T1.0,100,100,0.0475588129122528,0.9333552910820048,0.6333333333333333,0.6333333333333333,0.6385542168674698,0.8313253012048193,0.04201721160004927,0.2121403059932279,1.0,7.76,0.94,0.5512048192771084,0.7228915662650602,,
T4_s9_final,4,9,final,True,1952,69.0,-34.45158853023959,1118,4,generator+filter_T1.0,1,1,0.06182645212972017,1.0610932734473264,0.5564999999999999,0.5688333333333333,0.5774698795180724,0.8313253012048188,0.05192220885963159,0.21214030599322786,1.0,,,,,1000.0,-0.2126752785247791
T4_s9_final,4,9,final,True,1952,69.0,-34.45158853023959,1118,4,generator+filter_T1.0,10,10,0.05124969840342295,0.9686427134359914,0.5933333333333333,0.5933333333333333,0.6,0.8313253012048193,0.053504539047283105,0.21214030599322792,1.0,,,,,1000.0,-0.2126752785247791
T4_s9_final,4,9,final,True,1952,69.0,-34.45158853023959,1118,4,generator+filter_T1.0,100,100,0.04706170203924957,0.9284645057607497,0.6333333333333333,0.6333333333333333,0.6385542168674698,0.8313253012048193,0.048350204969453206,0.2121403059932279,1.0,,,,,1000.0,-0.2126752785247791
T4_s9_final,4,9,final,True,1952,69.0,-34.45158853023959,1118,4,generator_T0.7,1,1,0.061607843149749535,1.0579217644414884,0.5746666666666667,0.5793333333333333,0.6190361445783131,0.8313253012048188,0.06229607421352414,0.21214030599322786,0.7,2.32,0.53,,,,
T4_s9_final,4,9,final,True,1952,69.0,-34.45158853023959,1118,4,generator_T0.7,10,10,0.05011586465019381,0.9579443866705375,0.6433333333333333,0.6433333333333333,0.6000000000000001,0.8313253012048193,0.05045427212839469,0.21214030599322792,0.7,2.32,0.53,,,,
T4_s9_final,4,9,final,True,1952,69.0,-34.45158853023959,1118,4,generator_T0.7,100,100,0.04723688040627885,0.9301909182609089,0.6666666666666666,0.6666666666666666,0.6385542168674698,0.8313253012048193,0.052565228757525936,0.2121403059932279,0.7,2.32,0.53,0.5843373493975904,0.7108433734939759,,
T4_s9_final,4,9,final,True,1952,69.0,-34.45158853023959,1118,4,nearest_train,1,0,0.039165156378338076,0.8469961247097266,0.7666666666666667,0.7666666666666667,0.6385542168674698,0.8313253012048193,0.051861342042684555,0.2121403059932279,,,,,,,
T4_s9_final,4,9,final,True,1952,69.0,-34.45158853023959,1118,4,nearest_train,10,0,0.039165156378338076,0.8469961247097266,0.7666666666666667,0.7666666666666667,0.6385542168674698,0.8313253012048193,0.051861342042684555,0.2121403059932279,,,,,,,
T4_s9_final,4,9,final,True,1952,69.0,-34.45158853023959,1118,4,nearest_train,100,0,0.039165156378338076,0.8469961247097266,0.7666666666666667,0.7666666666666667,0.6385542168674698,0.8313253012048193,0.051861342042684555,0.2121403059932279,,,,,,,
T4_s9_final,4,9,final,True,1952,69.0,-34.45158853023959,1118,4,search_ceiling,0,20000,0.007873762666935966,0.37977174563797267,0.9833333333333333,0.9833333333333333,0.7951807228915663,0.8313253012048193,0.1732604486955195,0.2121403059932279,,,,0.7813253012048192,,,
T4_s9_q25,4,9,q25,True,1784,69.0,-32.669738475542985,280,4,random,1,1,0.0881859954055583,1.207278729650932,0.5003333333333333,0.5533333333333332,0.5014457831325302,0.8313253012048188,0.02335602302480901,0.194621561398478,,,,,,,
T4_s9_q25,4,9,q25,True,1784,69.0,-32.669738475542985,280,4,random,10,10,0.06479786656450733,1.0393084450410448,0.5566666666666665,0.59,0.49397590361445776,0.8313253012048193,0.019190954905382987,0.194621561398478,,,,,,,
T4_s9_q25,4,9,q25,True,1784,69.0,-32.669738475542985,280,4,random,100,100,0.05338679824825123,0.944623628749805,0.6333333333333333,0.6333333333333333,0.42168674698795183,0.8313253012048193,0.0,0.19462156139847797,,,,,,,
T4_s9_q25,4,9,q25,True,1784,69.0,-32.669738475542985,280,4,generator_T1.0,1,1,0.07157917513676014,1.0899521775520489,0.5465,0.5595,0.5846987951807229,0.8313253012048188,0.05277678317326139,0.194621561398478,1.0,5.74,0.94,,,,
T4_s9_q25,4,9,q25,True,1784,69.0,-32.669738475542985,280,4,generator_T1.0,10,10,0.05740212761130886,0.9791575883049182,0.5700000000000001,0.5766666666666667,0.6168674698795181,0.8313253012048193,0.05581045793225229,0.194621561398478,1.0,5.74,0.94,,,,
T4_s9_q25,4,9,q25,True,1784,69.0,-32.669738475542985,280,4,generator_T1.0,100,100,0.052700534674411596,0.9385326326309882,0.6,0.6,0.5903614457831325,0.8313253012048193,0.03925090652657226,0.19462156139847797,1.0,5.74,0.94,0.5596385542168675,0.7469879518072289,,
T4_s9_q25,4,9,q25,True,1784,69.0,-32.669738475542985,280,4,generator+filter_T1.0,1,1,0.06657752724232281,1.0528150152104305,0.5548333333333333,0.5665,0.5690361445783132,0.8313253012048188,0.05539664927953267,0.194621561398478,1.0,,,,,1000.0,0.006396716432240411
T4_s9_q25,4,9,q25,True,1784,69.0,-32.669738475542985,280,4,generator+filter_T1.0,10,10,0.05572284911157445,0.9641233996765454,0.5666666666666667,0.5833333333333333,0.5397590361445783,0.8313253012048193,0.04598269742799367,0.194621561398478,1.0,,,,,1000.0,0.006396716432240411
T4_s9_q25,4,9,q25,True,1784,69.0,-32.669738475542985,280,4,generator+filter_T1.0,100,100,0.04873609273376671,0.9025415840513445,0.6833333333333333,0.6833333333333333,0.5783132530120482,0.8313253012048193,0.032912422460625985,0.19462156139847797,1.0,,,,,1000.0,0.006396716432240411
T4_s9_q25,4,9,q25,True,1784,69.0,-32.669738475542985,280,4,generator_T0.7,1,1,0.06587875140829894,1.047782227794919,0.5724999999999999,0.5761666666666667,0.6403614457831327,0.8313253012048188,0.07184008091134449,0.194621561398478,0.7,1.24,0.57,,,,
T4_s9_q25,4,9,q25,True,1784,69.0,-32.669738475542985,280,4,generator_T0.7,10,10,0.05770828757624814,0.9813533594176453,0.6050000000000001,0.6050000000000001,0.6325301204819278,0.8313253012048193,0.06972516703537074,0.194621561398478,0.7,1.24,0.57,,,,
T4_s9_q25,4,9,q25,True,1784,69.0,-32.669738475542985,280,4,generator_T0.7,100,100,0.04630430879040644,0.8797364161541127,0.5833333333333334,0.5833333333333334,0.5783132530120482,0.8313253012048193,0.029004114798880966,0.19462156139847797,0.7,1.24,0.57,0.572289156626506,0.7469879518072289,,
T4_s9_q25,4,9,q25,True,1784,69.0,-32.669738475542985,280,4,nearest_train,1,0,0.04242024724701058,0.8420317444227429,0.7666666666666667,0.7666666666666667,0.6385542168674698,0.8313253012048193,0.051861342042684555,0.19462156139847797,,,,,,,
T4_s9_q25,4,9,q25,True,1784,69.0,-32.669738475542985,280,4,nearest_train,10,0,0.04242024724701058,0.8420317444227429,0.7666666666666667,0.7666666666666667,0.6385542168674698,0.8313253012048193,0.051861342042684555,0.19462156139847797,,,,,,,
T4_s9_q25,4,9,q25,True,1784,69.0,-32.669738475542985,280,4,nearest_train,100,0,0.04242024724701058,0.8420317444227429,0.7666666666666667,0.7666666666666667,0.6385542168674698,0.8313253012048193,0.051861342042684555,0.19462156139847797,,,,,,,
T4_s9_q25,4,9,q25,True,1784,69.0,-32.669738475542985,280,4,search_ceiling,0,20000,0.016508759143389673,0.5252899387974688,0.8333333333333334,0.8333333333333334,0.6626506024096386,0.8313253012048193,0.1515860546892207,0.19462156139847797,,,,0.7078313253012049,,,
T4_s9_q50,4,9,q50,True,1840,69.0,-33.05738825954153,560,4,random,1,1,0.08849355043098914,1.2215529636361533,0.5015,0.5488333333333333,0.5201204819277109,0.8313253012048188,0.028541379099635736,0.19334668221545825,,,,,,,
T4_s9_q50,4,9,q50,True,1840,69.0,-33.05738825954153,560,4,random,10,10,0.06303708115033894,1.039056946195212,0.5583333333333333,0.5616666666666666,0.553012048192771,0.8313253012048193,0.024375598663806525,0.1933466822154582,,,,,,,
T4_s9_q50,4,9,q50,True,1840,69.0,-33.05738825954153,560,4,random,100,100,0.05474041047869523,0.9690194107392989,0.5666666666666667,0.5666666666666667,0.5662650602409639,0.8313253012048193,0.015594607097564748,0.19334668221545823,,,,,,,
T4_s9_q50,4,9,q50,True,1840,69.0,-33.05738825954153,560,4,generator_T1.0,1,1,0.07086949426920083,1.0975759157683986,0.5426666666666666,0.5686666666666667,0.5746987951807229,0.8313253012048188,0.050892591804317454,0.19334668221545825,1.0,8.04,0.97,,,,
T4_s9_q50,4,9,q50,True,1840,69.0,-33.05738825954153,560,4,generator_T1.0,10,10,0.05649202214668696,0.9841857561795635,0.5733333333333335,0.5800000000000001,0.6096385542168674,0.8313253012048193,0.0589684799657994,0.1933466822154582,1.0,8.04,0.97,,,,
T4_s9_q50,4,9,q50,True,1840,69.0,-33.05738825954153,560,4,generator_T1.0,100,100,0.05277092623171482,0.9514277413500087,0.6,0.6,0.5180722891566265,0.8313253012048193,0.054354443977387853,0.19334668221545823,1.0,8.04,0.97,0.5036144578313253,0.7469879518072289,,
T4_s9_q50,4,9,q50,True,1840,69.0,-33.05738825954153,560,4,generator+filter_T1.0,1,1,0.06466369289569744,1.0509967936857512,0.5535,0.5641666666666667,0.5690361445783132,0.8313253012048188,0.05638284206360579,0.19334668221545825,1.0,,,,,1000.0,-0.2812794430941879
T4_s9_q50,4,9,q50,True,1840,69.0,-33.05738825954153,560,4,generator+filter_T1.0,10,10,0.0532586980243089,0.9553549243433597,0.5883333333333334,0.5916666666666667,0.608433734939759,0.8313253012048193,0.057875180810279536,0.1933466822154582,1.0,,,,,1000.0,-0.2812794430941879
T4_s9_q50,4,9,q50,True,1840,69.0,-33.05738825954153,560,4,generator+filter_T1.0,100,100,0.04773612916222074,0.9049030494308579,0.7166666666666667,0.7166666666666667,0.5783132530120482,0.8313253012048193,0.037235323350108485,0.19334668221545823,1.0,,,,,1000.0,-0.2812794430941879
T4_s9_q50,4,9,q50,True,1840,69.0,-33.05738825954153,560,4,generator_T0.7,1,1,0.06371861000089915,1.043903868023405,0.5706666666666667,0.576,0.6469879518072288,0.8313253012048188,0.07181731074050152,0.19334668221545825,0.7,1.62,0.61,,,,
T4_s9_q50,4,9,q50,True,1840,69.0,-33.05738825954153,560,4,generator_T0.7,10,10,0.057187852440750864,0.9902064106398123,0.5516666666666666,0.5583333333333333,0.6421686746987951,0.8313253012048193,0.06305294301980717,0.1933466822154582,0.7,1.62,0.61,,,,
T4_s9_q50,4,9,q50,True,1840,69.0,-33.05738825954153,560,4,generator_T0.7,100,100,0.053362640789489164,0.9567469988583471,0.4666666666666667,0.5333333333333333,0.5903614457831325,0.8313253012048193,0.030544761181336966,0.19334668221545823,0.7,1.62,0.61,0.594578313253012,0.7469879518072289,,
T4_s9_q50,4,9,q50,True,1840,69.0,-33.05738825954153,560,4,nearest_train,1,0,0.04195732029013841,0.8483641801261438,0.7666666666666667,0.7666666666666667,0.6385542168674698,0.8313253012048193,0.051861342042684555,0.19334668221545823,,,,,,,
T4_s9_q50,4,9,q50,True,1840,69.0,-33.05738825954153,560,4,nearest_train,10,0,0.04195732029013841,0.8483641801261438,0.7666666666666667,0.7666666666666667,0.6385542168674698,0.8313253012048193,0.051861342042684555,0.19334668221545823,,,,,,,
T4_s9_q50,4,9,q50,True,1840,69.0,-33.05738825954153,560,4,nearest_train,100,0,0.04195732029013841,0.8483641801261438,0.7666666666666667,0.7666666666666667,0.6385542168674698,0.8313253012048193,0.051861342042684555,0.19334668221545823,,,,,,,
T4_s9_q50,4,9,q50,True,1840,69.0,-33.05738825954153,560,4,search_ceiling,0,20000,0.020571728070571026,0.5940374692818772,0.85,0.85,0.6746987951807228,0.8313253012048193,0.13117358190636524,0.19334668221545823,,,,0.6746987951807228,,,
T8_s7_final,8,7,final,True,4323,73.0,-44.73677744261605,1500,4,random,1,1,0.09420347913930893,1.2229178229730129,0.495,0.5509999999999999,0.5108433734939759,0.8795180722891568,0.020923987724358533,0.23980426976870814,,,,,,,
T8_s7_final,8,7,final,True,4323,73.0,-44.73677744261605,1500,4,random,10,10,0.0679027929576151,1.0479051862380013,0.5483333333333333,0.5683333333333335,0.5265060240963856,0.8795180722891566,0.011565492143417158,0.2398042697687081,,,,,,,
T8_s7_final,8,7,final,True,4323,73.0,-44.73677744261605,1500,4,random,100,100,0.05930735685422317,0.9797275816100257,0.6666666666666666,0.6666666666666666,0.5903614457831325,0.8795180722891566,0.01525522506079641,0.2398042697687081,,,,,,,
T8_s7_final,8,7,final,True,4323,73.0,-44.73677744261605,1500,4,generator_T1.0,1,1,0.08774847152265666,1.1865198889952517,0.5073333333333333,0.5476666666666665,0.5171084337349398,0.8795180722891568,0.020179205752694686,0.23980426976870814,1.0,17.88,1.0,,,,
T8_s7_final,8,7,final,True,4323,73.0,-44.73677744261605,1500,4,generator_T1.0,10,10,0.06563004079922964,1.0300597473036983,0.5466666666666666,0.5599999999999999,0.5397590361445783,0.8795180722891566,0.01982044743560791,0.2398042697687081,1.0,17.88,1.0,,,,
T8_s7_final,8,7,final,True,4323,73.0,-44.73677744261605,1500,4,generator_T1.0,100,100,0.057814408529974506,0.9673176083937521,0.5833333333333334,0.5833333333333334,0.5301204819277109,0.8795180722891566,0.059918232736244345,0.2398042697687081,1.0,17.88,1.0,0.5403614457831325,0.6987951807228916,,
T8_s7_final,8,7,final,True,4323,73.0,-44.73677744261605,1500,4,generator+filter_T1.0,1,1,0.08564305532918182,1.1724796788549992,0.49933333333333335,0.544,0.5166265060240964,0.8795180722891568,0.01972056384869695,0.23980426976870814,1.0,,,,,1000.0,0.017497749774977495
T8_s7_final,8,7,final,True,4323,73.0,-44.73677744261605,1500,4,generator+filter_T1.0,10,10,0.06691707241503053,1.039839233996812,0.5449999999999999,0.5516666666666666,0.45903614457831327,0.8795180722891566,0.009976372411388235,0.2398042697687081,1.0,,,,,1000.0,0.017497749774977495
T8_s7_final,8,7,final,True,4323,73.0,-44.73677744261605,1500,4,generator+filter_T1.0,100,100,0.05819802282669306,0.9705215099666482,0.5666666666666667,0.5666666666666667,0.5662650602409639,0.8795180722891566,3.018147797656523e-17,0.2398042697687081,1.0,,,,,1000.0,0.017497749774977495
T8_s7_final,8,7,final,True,4323,73.0,-44.73677744261605,1500,4,generator_T0.7,1,1,0.09706454521601492,1.242446539047519,0.5143333333333333,0.5483333333333333,0.5146987951807229,0.8795180722891568,0.021770026810957098,0.23980426976870814,0.7,17.76,1.0,,,,
T8_s7_final,8,7,final,True,4323,73.0,-44.73677744261605,1500,4,generator_T0.7,10,10,0.0672247390609376,1.0426108372660319,0.545,0.5483333333333333,0.4879518072289157,0.8795180722891566,0.019051374636753656,0.2398042697687081,0.7,17.76,1.0,,,,
T8_s7_final,8,7,final,True,4323,73.0,-44.73677744261605,1500,4,generator_T0.7,100,100,0.06326627032692159,1.0118989990494192,0.55,0.55,0.3132530120481928,0.8795180722891566,0.0,0.2398042697687081,0.7,17.76,1.0,0.519277108433735,0.6385542168674698,,
T8_s7_final,8,7,final,True,4323,73.0,-44.73677744261605,1500,4,nearest_train,1,0,0.05217992799752109,0.9189730761406282,0.6833333333333333,0.6833333333333333,0.5542168674698795,0.8795180722891566,0.020016412250697613,0.2398042697687081,,,,,,,
T8_s7_final,8,7,final,True,4323,73.0,-44.73677744261605,1500,4,nearest_train,10,0,0.05217992799752109,0.9189730761406282,0.6833333333333333,0.6833333333333333,0.5542168674698795,0.8795180722891566,0.020016412250697613,0.2398042697687081,,,,,,,
T8_s7_final,8,7,final,True,4323,73.0,-44.73677744261605,1500,4,nearest_train,100,0,0.05217992799752109,0.9189730761406282,0.6833333333333333,0.6833333333333333,0.5542168674698795,0.8795180722891566,0.020016412250697613,0.2398042697687081,,,,,,,
T8_s7_final,8,7,final,True,4323,73.0,-44.73677744261605,1500,4,search_ceiling,0,20000,0.03845989801775831,0.7889602342324277,0.7166666666666667,0.7166666666666667,0.6265060240963856,0.8795180722891566,0.061725433379874975,0.2398042697687081,,,,0.6168674698795181,,,
T8_s8_final,8,8,final,True,4624,78.0,-49.27619636986244,1500,4,random,1,1,0.08273463800252073,1.2373542084702083,0.4953333333333334,0.5543333333333332,0.5226506024096387,0.9397590361445782,0.018333169789793637,0.21713757020705818,,,,,,,
T8_s8_final,8,8,final,True,4624,78.0,-49.27619636986244,1500,4,random,10,10,0.05878966161702849,1.04973109813243,0.5133333333333333,0.5666666666666665,0.5542168674698795,0.9397590361445782,0.006488284420617994,0.2171375702070582,,,,,,,
T8_s8_final,8,8,final,True,4624,78.0,-49.27619636986244,1500,4,random,100,100,0.052482900426488836,0.9925405057233343,0.6,0.6,0.6265060240963856,0.9397590361445783,0.0021976919349379832,0.21713757020705818,,,,,,,
T8_s8_final,8,8,final,True,4624,78.0,-49.27619636986244,1500,4,generator_T1.0,1,1,0.05782740049615155,1.0332000881492376,0.5876666666666667,0.595,0.629879518072289,0.9397590361445782,0.084325525667746,0.21713757020705818,1.0,4.36,0.86,,,,
T8_s8_final,8,8,final,True,4624,78.0,-49.27619636986244,1500,4,generator_T1.0,10,10,0.04426551077711061,0.9114410670752191,0.6183333333333334,0.6183333333333334,0.6855421686746987,0.9397590361445782,0.08598913230833409,0.2171375702070582,1.0,4.36,0.86,,,,
T8_s8_final,8,8,final,True,4624,78.0,-49.27619636986244,1500,4,generator_T1.0,100,100,0.04185891224221559,0.8864072400472177,0.6333333333333333,0.6333333333333333,0.6506024096385542,0.9397590361445783,0.0866573982202277,0.21713757020705818,1.0,4.36,0.86,0.6662650602409638,0.8192771084337349,,
T8_s8_final,8,8,final,True,4624,78.0,-49.27619636986244,1500,4,generator+filter_T1.0,1,1,0.05307115874595738,0.9947259435399727,0.5984999999999999,0.6015,0.6259036144578313,0.9397590361445782,0.07929985597063809,0.21713757020705818,1.0,,,,,1000.0,0.23926910498364784
T8_s8_final,8,8,final,True,4624,78.0,-49.27619636986244,1500,4,generator+filter_T1.0,10,10,0.04257370620349567,0.8936485125927701,0.6333333333333333,0.6333333333333333,0.6506024096385541,0.9397590361445782,0.08176431901853205,0.2171375702070582,1.0,,,,,1000.0,0.23926910498364784
T8_s8_final,8,8,final,True,4624,78.0,-49.27619636986244,1500,4,generator+filter_T1.0,100,100,0.040177690949890446,0.8684239902192434,0.6333333333333333,0.6333333333333333,0.6746987951807228,0.9397590361445783,0.07745147995108945,0.21713757020705818,1.0,,,,,1000.0,0.23926910498364784
T8_s8_final,8,8,final,True,4624,78.0,-49.27619636986244,1500,4,generator_T0.7,1,1,0.04786152987548459,0.9462902251573082,0.6116666666666667,0.6123333333333334,0.6828915662650601,0.9397590361445782,0.09728193806154341,0.21713757020705818,0.7,0.7,0.41,,,,
T8_s8_final,8,8,final,True,4624,78.0,-49.27619636986244,1500,4,generator_T0.7,10,10,0.044345332917763366,0.9123188854948416,0.6216666666666667,0.6216666666666667,0.6951807228915662,0.9397590361445782,0.09775744973384307,0.2171375702070582,0.7,0.7,0.41,,,,
T8_s8_final,8,8,final,True,4624,78.0,-49.27619636986244,1500,4,generator_T0.7,100,100,0.043015209914175186,0.8985667593840296,0.6333333333333333,0.6333333333333333,0.6987951807228916,0.9397590361445783,0.09536876621510576,0.21713757020705818,0.7,0.7,0.41,0.7144578313253012,0.7710843373493976,,
T8_s8_final,8,8,final,True,4624,78.0,-49.27619636986244,1500,4,nearest_train,1,0,0.03468760492796078,0.8069125729888988,0.7666666666666667,0.7666666666666667,0.6506024096385542,0.9397590361445783,0.07714245095849037,0.21713757020705818,,,,,,,
T8_s8_final,8,8,final,True,4624,78.0,-49.27619636986244,1500,4,nearest_train,10,0,0.03468760492796078,0.8069125729888988,0.7666666666666667,0.7666666666666667,0.6506024096385542,0.9397590361445783,0.07714245095849037,0.21713757020705818,,,,,,,
T8_s8_final,8,8,final,True,4624,78.0,-49.27619636986244,1500,4,nearest_train,100,0,0.03468760492796078,0.8069125729888988,0.7666666666666667,0.7666666666666667,0.6506024096385542,0.9397590361445783,0.07714245095849037,0.21713757020705818,,,,,,,
T8_s8_final,8,8,final,True,4624,78.0,-49.27619636986244,1500,4,search_ceiling,0,20000,0.02940866111934681,0.7429797067626068,0.7833333333333333,0.7833333333333333,0.6626506024096386,0.9397590361445783,0.0783473469708603,0.21713757020705818,,,,0.708433734939759,,,
T8_s9_final,8,9,final,True,4925,76.0,-46.40126823483637,1500,4,random,1,1,0.08131689103133181,1.2499156012108303,0.49700000000000005,0.5436666666666665,0.5060240963855421,0.9156626506024099,0.01892620368991381,0.22798176828414,,,,,,,
T8_s9_final,8,9,final,True,4925,76.0,-46.40126823483637,1500,4,random,10,10,0.060250636192153116,1.0808869360519942,0.5266666666666666,0.5399999999999999,0.5108433734939759,0.9156626506024097,0.00638393603734851,0.22798176828414007,,,,,,,
T8_s9_final,8,9,final,True,4925,76.0,-46.40126823483637,1500,4,random,100,100,0.051354246265770676,0.9989399403185761,0.55,0.55,0.6144578313253012,0.9156626506024096,0.0018422536727227042,0.22798176828414007,,,,,,,
T8_s9_final,8,9,final,True,4925,76.0,-46.40126823483637,1500,4,generator_T1.0,1,1,0.05405228367779956,1.019179747352397,0.6361666666666665,0.6371666666666665,0.715301204819277,0.9156626506024099,0.10310730144074665,0.22798176828414,1.0,1.66,0.76,,,,
T8_s9_final,8,9,final,True,4925,76.0,-46.40126823483637,1500,4,generator_T1.0,10,10,0.04409348768119932,0.9255830763982354,0.675,0.675,0.808433734939759,0.9156626506024097,0.10350811773800461,0.22798176828414007,1.0,1.66,0.76,,,,
T8_s9_final,8,9,final,True,4925,76.0,-46.40126823483637,1500,4,generator_T1.0,100,100,0.04169622980724998,0.9001183012013693,0.6166666666666667,0.6166666666666667,0.7590361445783133,0.9156626506024096,0.09214853630739439,0.22798176828414007,1.0,1.66,0.76,0.7506024096385542,0.8554216867469879,,
T8_s9_final,8,9,final,True,4925,76.0,-46.40126823483637,1500,4,generator+filter_T1.0,1,1,0.0534432103420116,1.0163743494284712,0.6124999999999999,0.6131666666666665,0.6760240963855422,0.9156626506024099,0.09188921290637256,0.22798176828414,1.0,,,,,1000.0,-0.42117020414358153
T8_s9_final,8,9,final,True,4925,76.0,-46.40126823483637,1500,4,generator+filter_T1.0,10,10,0.04385439009174622,0.9229501494006284,0.6633333333333333,0.6633333333333333,0.7662650602409637,0.9156626506024097,0.09079383066941141,0.22798176828414007,1.0,,,,,1000.0,-0.42117020414358153
T8_s9_final,8,9,final,True,4925,76.0,-46.40126823483637,1500,4,generator+filter_T1.0,100,100,0.04224482060478543,0.9060203097923974,0.6833333333333333,0.6833333333333333,0.7831325301204819,0.9156626506024096,0.0743386708552578,0.22798176828414007,1.0,,,,,1000.0,-0.42117020414358153
T8_s9_final,8,9,final,True,4925,76.0,-46.40126823483637,1500,4,generator_T0.7,1,1,0.04619040416020872,0.9461767167915994,0.6775000000000001,0.6775000000000001,0.818915662650602,0.9156626506024099,0.1106503023879945,0.22798176828414,0.7,0.06,0.13,,,,
T8_s9_final,8,9,final,True,4925,76.0,-46.40126823483637,1500,4,generator_T0.7,10,10,0.04471557777939543,0.9321388765893681,0.6833333333333333,0.6833333333333333,0.8313253012048193,0.9156626506024097,0.10968432182251941,0.22798176828414007,0.7,0.06,0.13,,,,
T8_s9_final,8,9,final,True,4925,76.0,-46.40126823483637,1500,4,generator_T0.7,100,100,0.04471557777939542,0.9321388765893682,0.6833333333333333,0.6833333333333333,0.8313253012048193,0.9156626506024096,0.10968432182251941,0.22798176828414007,0.7,0.06,0.13,0.8018072289156626,0.8554216867469879,,
T8_s9_final,8,9,final,True,4925,76.0,-46.40126823483637,1500,4,nearest_train,1,0,0.04145283387832691,0.8974872985018404,0.6333333333333333,0.6333333333333333,0.6746987951807228,0.9156626506024096,0.08406522125005722,0.22798176828414007,,,,,,,
T8_s9_final,8,9,final,True,4925,76.0,-46.40126823483637,1500,4,nearest_train,10,0,0.04145283387832691,0.8974872985018404,0.6333333333333333,0.6333333333333333,0.6746987951807228,0.9156626506024096,0.08406522125005722,0.22798176828414007,,,,,,,
T8_s9_final,8,9,final,True,4925,76.0,-46.40126823483637,1500,4,nearest_train,100,0,0.04145283387832691,0.8974872985018404,0.6333333333333333,0.6333333333333333,0.6746987951807228,0.9156626506024096,0.08406522125005722,0.22798176828414007,,,,,,,
T8_s9_final,8,9,final,True,4925,76.0,-46.40126823483637,1500,4,search_ceiling,0,20000,0.028911512604327547,0.7495258316739738,0.8,0.8,0.6987951807228916,0.9156626506024096,0.08777385170284707,0.22798176828414007,,,,0.6746987951807228,,,
T8_s9_q25,8,9,q25,True,4700,76.0,-43.02120271580272,375,4,random,1,1,0.08313918024032428,1.2978919266824473,0.49916666666666665,0.5415,0.5022891566265061,0.9156626506024099,0.020496628211823183,0.20244843725912443,,,,,,,
T8_s9_q25,8,9,q25,True,4700,76.0,-43.02120271580272,375,4,random,10,10,0.055612743000194184,1.07533019015841,0.53,0.55,0.5036144578313253,0.9156626506024097,0.013783145628284749,0.20244843725912437,,,,,,,
T8_s9_q25,8,9,q25,True,4700,76.0,-43.02120271580272,375,4,random,100,100,0.049400574928759385,1.0144053925788368,0.5333333333333333,0.5333333333333333,0.4578313253012048,0.9156626506024096,0.026285176817688292,0.20244843725912437,,,,,,,
T8_s9_q25,8,9,q25,True,4700,76.0,-43.02120271580272,375,4,generator_T1.0,1,1,0.047770584610341726,0.9951261897617458,0.6560000000000001,0.6573333333333333,0.7708433734939757,0.9156626506024099,0.10568386264252094,0.20244843725912443,1.0,0.6,0.53,,,,
T8_s9_q25,8,9,q25,True,4700,76.0,-43.02120271580272,375,4,generator_T1.0,10,10,0.04271847908657597,0.9432357905429981,0.685,0.685,0.8228915662650602,0.9156626506024097,0.10085279697702383,0.20244843725912437,1.0,0.6,0.53,,,,
T8_s9_q25,8,9,q25,True,4700,76.0,-43.02120271580272,375,4,generator_T1.0,100,100,0.04071251686407158,0.9208937454547554,0.6333333333333333,0.6333333333333333,0.7228915662650602,0.9156626506024096,0.07551581292103055,0.20244843725912437,1.0,0.6,0.53,0.7228915662650602,0.8554216867469879,,
T8_s9_q25,8,9,q25,True,4700,76.0,-43.02120271580272,375,4,generator+filter_T1.0,1,1,0.05214273995473114,1.0389079496106601,0.6031666666666667,0.6081666666666667,0.6704819277108435,0.9156626506024099,0.09315636073398259,0.20244843725912443,1.0,,,,,1000.0,-0.4055296497300438
T8_s9_q25,8,9,q25,True,4700,76.0,-43.02120271580272,375,4,generator+filter_T1.0,10,10,0.04210232871098588,0.9363521600393707,0.6716666666666666,0.6716666666666666,0.7867469879518072,0.9156626506024097,0.09474571665600194,0.20244843725912437,1.0,,,,,1000.0,-0.4055296497300438
T8_s9_q25,8,9,q25,True,4700,76.0,-43.02120271580272,375,4,generator+filter_T1.0,100,100,0.04030922526749263,0.916321281622971,0.6833333333333333,0.6833333333333333,0.8072289156626506,0.9156626506024096,0.0976564178559261,0.20244843725912437,1.0,,,,,1000.0,-0.4055296497300438
T8_s9_q25,8,9,q25,True,4700,76.0,-43.02120271580272,375,4,generator_T0.7,1,1,0.044272646090766365,0.9602340184255082,0.6818333333333335,0.6818333333333335,0.8268674698795178,0.9156626506024099,0.10953058957467356,0.20244843725912443,0.7,0.06,0.08,,,,
T8_s9_q25,8,9,q25,True,4700,76.0,-43.02120271580272,375,4,generator_T0.7,10,10,0.04344811611293691,0.9512734272322454,0.685,0.685,0.8325301204819278,0.9156626506024097,0.10804037023805249,0.20244843725912437,0.7,0.06,0.08,,,,
T8_s9_q25,8,9,q25,True,4700,76.0,-43.02120271580272,375,4,generator_T0.7,100,100,0.041498034350551036,0.9297352786833714,0.6333333333333333,0.6333333333333333,0.7951807228915663,0.9156626506024096,0.09783297138247973,0.20244843725912437,0.7,0.06,0.08,0.7927710843373493,0.8554216867469879,,
T8_s9_q25,8,9,q25,True,4700,76.0,-43.02120271580272,375,4,nearest_train,1,0,0.039626085004411456,0.9085234282451444,0.6333333333333333,0.6333333333333333,0.6746987951807228,0.9156626506024096,0.04817308858036995,0.20244843725912437,,,,,,,
T8_s9_q25,8,9,q25,True,4700,76.0,-43.02120271580272,375,4,nearest_train,10,0,0.039626085004411456,0.9085234282451444,0.6333333333333333,0.6333333333333333,0.6746987951807228,0.9156626506024096,0.04817308858036995,0.20244843725912437,,,,,,,
T8_s9_q25,8,9,q25,True,4700,76.0,-43.02120271580272,375,4,nearest_train,100,0,0.039626085004411456,0.9085234282451444,0.6333333333333333,0.6333333333333333,0.6746987951807228,0.9156626506024096,0.04817308858036995,0.20244843725912437,,,,,,,
T8_s9_q25,8,9,q25,True,4700,76.0,-43.02120271580272,375,4,search_ceiling,0,20000,0.02273398377539452,0.688150326794037,0.8166666666666667,0.8166666666666667,0.7108433734939759,0.9156626506024096,0.08744224700227757,0.20244843725912437,,,,0.7048192771084337,,,
T8_s9_q50,8,9,q50,True,4775,76.0,-45.58770120603343,750,4,random,1,1,0.08599104476710595,1.2697158665986386,0.49849999999999994,0.5485,0.5083132530120482,0.9156626506024099,0.025801979647432374,0.22536938992758793,,,,,,,
T8_s9_q50,8,9,q50,True,4775,76.0,-45.58770120603343,750,4,random,10,10,0.0573678719596112,1.0500436829850999,0.5450000000000002,0.5683333333333334,0.5168674698795181,0.9156626506024097,0.008776860126850165,0.22536938992758787,,,,,,,
T8_s9_q50,8,9,q50,True,4775,76.0,-45.58770120603343,750,4,random,100,100,0.05112904179345524,0.9919760860915927,0.6333333333333333,0.6333333333333333,0.5783132530120482,0.9156626506024096,0.032212411526094345,0.22536938992758793,,,,,,,
T8_s9_q50,8,9,q50,True,4775,76.0,-45.58770120603343,750,4,generator_T1.0,1,1,0.05305367059014058,1.0076611802211075,0.6383333333333333,0.6406666666666666,0.7248192771084336,0.9156626506024099,0.10381093944315094,0.22536938992758793,1.0,1.06,0.73,,,,
T8_s9_q50,8,9,q50,True,4775,76.0,-45.58770120603343,750,4,generator_T1.0,10,10,0.045312631238729265,0.9337774320880472,0.67,0.67,0.7590361445783131,0.9156626506024097,0.0936748487238828,0.22536938992758787,1.0,1.06,0.73,,,,
T8_s9_q50,8,9,q50,True,4775,76.0,-45.58770120603343,750,4,generator_T1.0,100,100,0.043519739673797034,0.9151884281284626,0.7166666666666667,0.7166666666666667,0.8554216867469879,0.9156626506024096,0.11182482392739895,0.22536938992758793,1.0,1.06,0.73,0.808433734939759,0.8554216867469879,,
T8_s9_q50,8,9,q50,True,4775,76.0,-45.58770120603343,750,4,generator+filter_T1.0,1,1,0.05566687078556771,1.0319462349195712,0.6078333333333333,0.6118333333333333,0.6536144578313254,0.9156626506024099,0.09916424004077719,0.22536938992758793,1.0,,,,,1000.0,-0.23058767005657335
T8_s9_q50,8,9,q50,True,4775,76.0,-45.58770120603343,750,4,generator+filter_T1.0,10,10,0.04524903900348861,0.9329973674546819,0.6533333333333333,0.6533333333333333,0.7012048192771084,0.9156626506024097,0.1040248128516087,0.22536938992758787,1.0,,,,,1000.0,-0.23058767005657335
T8_s9_q50,8,9,q50,True,4775,76.0,-45.58770120603343,750,4,generator+filter_T1.0,100,100,0.0431234248195264,0.9110117913229728,0.7,0.7,0.8433734939759037,0.9156626506024096,0.11338328228033895,0.22536938992758793,1.0,,,,,1000.0,-0.23058767005657335
T8_s9_q50,8,9,q50,True,4775,76.0,-45.58770120603343,750,4,generator_T0.7,1,1,0.04820567774848043,0.9619138777590156,0.6753333333333335,0.6753333333333335,0.795903614457831,0.9156626506024099,0.11004368648825874,0.22536938992758793,0.7,0.42,0.21,,,,
T8_s9_q50,8,9,q50,True,4775,76.0,-45.58770120603343,750,4,generator_T0.7,10,10,0.04601503728444208,0.9410409581635234,0.6900000000000001,0.6900000000000001,0.8216867469879517,0.9156626506024097,0.10454595120402563,0.22536938992758787,0.7,0.42,0.21,,,,
T8_s9_q50,8,9,q50,True,4775,76.0,-45.58770120603343,750,4,generator_T0.7,100,100,0.04522749554438624,0.9329720761214937,0.7,0.7,0.6987951807228916,0.9156626506024096,0.08561774372288064,0.22536938992758793,0.7,0.42,0.21,0.7198795180722891,0.8433734939759037,,
T8_s9_q50,8,9,q50,True,4775,76.0,-45.58770120603343,750,4,nearest_train,1,0,0.04208030279414043,0.8999260093498992,0.6333333333333333,0.6333333333333333,0.6746987951807228,0.9156626506024096,0.04817308858036995,0.22536938992758793,,,,,,,
T8_s9_q50,8,9,q50,True,4775,76.0,-45.58770120603343,750,4,nearest_train,10,0,0.04208030279414043,0.8999260093498992,0.6333333333333333,0.6333333333333333,0.6746987951807228,0.9156626506024096,0.04817308858036995,0.22536938992758793,,,,,,,
T8_s9_q50,8,9,q50,True,4775,76.0,-45.58770120603343,750,4,nearest_train,100,0,0.04208030279414043,0.8999260093498992,0.6333333333333333,0.6333333333333333,0.6746987951807228,0.9156626506024096,0.04817308858036995,0.22536938992758793,,,,,,,
T8_s9_q50,8,9,q50,True,4775,76.0,-45.58770120603343,750,4,search_ceiling,0,20000,0.03149016061938158,0.7784931824483792,0.7666666666666667,0.7666666666666667,0.6987951807228916,0.9156626506024096,0.07646208454851716,0.22536938992758793,,,,0.71144578313253,,,
