target,teacher_layers,seed,stage,holdout,corpus_index,target_cut,target_loss,step,discrete_layers,D_c_search,D_c_refined,D_c_snapped,A_x_refined,ratio_refined,A_x_snapped,ratio_snapped,mean_abs_angle_move,seconds
T4_s0_final,4,0,final,False,233,70.0,-38.85779783746147,1162,4,0.020582042678442884,0.016729970221014023,0.02791018914104189,0.9166666666666666,0.6867469879518072,0.75,0.6144578313253012,0.2237381417429826,8.91847129999951
T4_s0_q25,4,0,q25,False,58,70.0,-36.887170409833494,290,4,0.019405322680238254,0.014685918515664372,0.03103656998977241,0.95,0.8072289156626506,0.8666666666666667,0.6746987951807228,0.31836495964719047,5.652598699998634
T4_s0_q50,4,0,q50,False,116,70.0,-37.606646055523235,580,4,0.018798518467515114,0.016060121265419582,0.019893812671049373,0.8833333333333333,0.7108433734939759,0.9,0.7228915662650602,0.29843194851673616,5.336040799997136
T4_s1_final,4,1,final,False,457,70.0,-38.16458679790351,1113,4,0.03251956791832442,0.017238056055029632,0.04968780665225505,0.8166666666666667,0.7108433734939759,0.5666666666666667,0.6265060240963856,0.8997094876027062,5.703623800000059
T4_s2_final,4,2,final,False,632,77.0,-40.824787820152935,866,4,0.03216414537366137,0.026089749029612627,0.036047930287496116,0.7833333333333333,0.6506024096385542,0.75,0.6987951807228916,0.4109288747839009,5.671999499998492
T4_s3_final,4,3,final,False,817,66.0,-34.34112159709193,920,4,0.026373434772841896,0.00257499381808375,0.07575958298141598,0.9833333333333333,0.7831325301204819,0.5333333333333333,0.5783132530120482,0.6498655313741559,5.480937500000437
T4_s4_final,4,4,final,False,959,69.0,-38.21311033149506,701,4,0.01871542685935228,0.012850413959108842,0.03830365235472386,0.9166666666666666,0.7228915662650602,0.7666666666666667,0.5903614457831325,0.3937961382468405,5.335497799998848
T4_s5_final,4,5,final,False,1081,73.0,-43.25727571708896,604,4,0.021676315644567352,0.01704567872540535,0.02641093521986879,0.9333333333333333,0.8072289156626506,0.85,0.6506024096385542,0.3506706786609642,5.258492599998135
T4_s6_final,4,6,final,False,1304,68.0,-29.64707795779421,1107,4,0.01631458009347824,0.009765711089080926,0.017301532596072134,0.8833333333333333,0.7108433734939759,0.8666666666666667,0.7710843373493976,0.4839073699239928,5.397819699999673
T4_s7_final,4,7,final,True,1548,71.0,-35.68206744446223,1213,4,0.018486574869782446,0.01431585318715259,0.03520005412909523,0.8833333333333333,0.6987951807228916,0.7166666666666667,0.5783132530120482,0.42823646116916575,5.954861700000038
T4_s8_final,4,8,final,True,1727,72.0,-36.66570584041992,889,4,0.024699567205275004,0.011315274492355955,0.02851162559004563,0.8666666666666667,0.7469879518072289,0.6166666666666667,0.5662650602409639,0.7522209673386864,5.452633400000195
T4_s9_final,4,9,final,True,1952,69.0,-34.45158853023959,1118,4,0.007873762517642251,0.0030743750346601735,0.020656275310402848,0.9833333333333333,0.7951807228915663,0.8666666666666667,0.6867469879518072,0.43901278265086807,5.378444700003456
T4_s9_q25,4,9,q25,True,1784,69.0,-32.669738475542985,280,4,0.016508759262619657,0.0080493363825676,0.035906264401151945,0.95,0.7228915662650602,0.7833333333333333,0.6746987951807228,0.3315964923059614,5.2911467000012635
T4_s9_q50,4,9,q50,True,1840,69.0,-33.05738825954153,560,4,0.02057172795864254,0.007028849003590557,0.06752469761555234,0.95,0.7469879518072289,0.5666666666666667,0.5180722891566265,0.53456396138811,5.970972700000857
T8_s0_final,8,0,final,False,2253,79.0,-52.130100036833184,1500,4,0.02935517583473337,0.019991935242164204,0.03796208439176939,0.8666666666666667,0.7590361445783133,0.7666666666666667,0.5903614457831325,0.5283983595326583,5.900214199999027
T8_s0_q25,8,0,q25,False,2028,74.0,-42.59253568733949,375,4,0.02395600568551683,0.01421995587641341,0.0464124885728793,0.9166666666666666,0.7590361445783133,0.5833333333333334,0.4939759036144578,0.5321330437760929,5.285744700002397
T8_s0_q50,8,0,q50,False,2103,79.0,-49.53792869717928,750,4,0.04117102963002039,0.016070982068655863,0.053082662815011554,0.85,0.7469879518072289,0.65,0.5060240963855421,0.7296055784144461,5.340350200000103
T8_s1_final,8,1,final,False,2554,77.0,-50.204804542250805,1500,4,0.029235920396018914,0.020916266710813414,0.08689209506074737,0.8833333333333333,0.8192771084337349,0.4166666666666667,0.5060240963855421,0.6647309745271621,5.288269900000159
T8_s2_final,8,2,final,False,2855,72.0,-42.76650539458483,1500,4,0.02999540551397356,0.02713720511236097,0.03772669106975595,0.8666666666666667,0.7228915662650602,0.8,0.6506024096385542,0.23422134911254225,5.261941699998715
T8_s3_final,8,3,final,False,3156,81.0,-56.24671446207684,1500,4,0.03666950151737981,0.02725661814597496,0.05743283717218044,0.85,0.7228915662650602,0.4666666666666667,0.5421686746987951,0.8044461193327459,5.5218356999976095
T8_s4_final,8,4,final,False,3457,78.0,-52.38811036600706,1500,4,0.04412733043428574,0.018481338724054042,0.0532164672096458,0.8333333333333334,0.6746987951807228,0.7,0.6746987951807228,0.773862525071837,6.388191599999118
T8_s5_final,8,5,final,False,3721,82.0,-58.74879440787134,1315,4,0.033609209262252096,0.025858958021580395,0.05395008267571053,0.85,0.7590361445783133,0.6666666666666666,0.5542168674698795,0.7472969355942544,5.997775700001512
T8_s6_final,8,6,final,False,4022,82.0,-57.04230942581566,1500,4,0.02896101818919246,0.02128569540529637,0.050715353186848035,0.8833333333333333,0.8795180722891566,0.6333333333333333,0.5783132530120482,0.7218913249583855,5.736063600001216
T8_s7_final,8,7,final,True,4323,73.0,-44.73677744261605,1500,4,0.0384598980560017,0.018255540050560307,0.04665580194685149,0.9,0.7831325301204819,0.6166666666666667,0.5060240963855421,0.7227214837357726,5.751427899998816
T8_s8_final,8,8,final,True,4624,78.0,-49.27619636986244,1500,4,0.02940866120917211,0.02673779275368459,0.03200862713136106,0.8,0.6987951807228916,0.7166666666666667,0.6144578313253012,0.17000479539253274,5.746042500002659
T8_s9_final,8,9,final,True,4925,76.0,-46.40126823483637,1500,4,0.02891151263477708,0.022076521758675912,0.032045704866949166,0.8166666666666667,0.7108433734939759,0.7833333333333333,0.6867469879518072,0.3077332371994662,5.776157400003285
T8_s9_q25,8,9,q25,True,4700,76.0,-43.02120271580272,375,4,0.022733983818712958,0.01787871335280474,0.028142608360880155,0.8333333333333334,0.6987951807228916,0.7333333333333333,0.6024096385542169,0.36901168672625184,5.165284899998369
T8_s9_q50,8,9,q50,True,4775,76.0,-45.58770120603343,750,4,0.03149016057664527,0.01986412464127001,0.05920919247141868,0.8833333333333333,0.8072289156626506,0.5666666666666667,0.5060240963855421,0.7619044989397986,4.850141899998562
