instance_id,grid,config,m,B,L,gqe_seed,optimum,gqe_cost,sa_cost,tabu_cost,greedy1_cost,greedy20_cost,blind_cost,gqe_exact,sa_exact,tabu_exact,greedy1_exact,greedy20_exact,blind_exact,gqe_gap,blind_gap,n_gates
IEEE-57_v57_core_b4l10_004,IEEE-57,v57_core_b4l10,40,4,10,101,-23.538573646072223,-22.735573693187952,-23.462122870522627,-23.538573646072212,-22.735573693187952,-22.735573693187952,-22.735573693187952,False,False,True,False,False,False,0.8029999528842708,0.8029999528842708,19
IEEE-57_v57_core_b4l10_004,IEEE-57,v57_core_b4l10,40,4,10,102,-23.538573646072223,-22.735573693187952,-23.462122870522627,-23.538573646072212,-22.735573693187952,-22.735573693187952,-22.735573693187952,False,False,True,False,False,False,0.8029999528842708,0.8029999528842708,19
IEEE-30_v30_core_b4l10_006,IEEE-30,v30_core_b4l10,40,4,10,101,-9.529155777470962,-5.797623406538703,-9.213061990675154,-9.529155777470965,2.3073833053088073,2.3073833053088073,-9.213061990675154,False,False,True,False,False,False,3.7315323709322588,0.3160937867958076,19
IEEE-30_v30_core_b4l10_006,IEEE-30,v30_core_b4l10,40,4,10,102,-9.529155777470962,-5.797623406538703,-9.213061990675154,-9.529155777470965,2.3073833053088073,2.3073833053088073,-9.213061990675154,False,False,True,False,False,False,3.7315323709322588,0.3160937867958076,19
IEEE-57_v57_core_b4l10_007,IEEE-57,v57_core_b4l10,40,4,10,101,-23.538573646072223,-22.735573693187952,-23.538573646072212,-23.538573646072212,-18.66351599619303,-22.735573693187952,-22.735573693187952,False,True,True,False,False,False,0.8029999528842708,0.8029999528842708,19
IEEE-57_v57_core_b4l10_007,IEEE-57,v57_core_b4l10,40,4,10,102,-23.538573646072223,-22.735573693187952,-23.538573646072212,-23.538573646072212,-18.66351599619303,-22.735573693187952,-22.735573693187952,False,True,True,False,False,False,0.8029999528842708,0.8029999528842708,19
IEEE-14_core_b4l10_008,IEEE-14,core_b4l10,40,4,10,101,0.0,1.5,0.0,0.0,0.0,0.0,0.0,False,True,True,True,True,True,1.5,0.0,19
IEEE-14_core_b4l10_008,IEEE-14,core_b4l10,40,4,10,102,0.0,1.5,0.0,0.0,0.0,0.0,0.0,False,True,True,True,True,True,1.5,0.0,19
IEEE-14_core_b5l9_009,IEEE-14,core_b5l9,45,5,9,101,-31.340492511106177,-31.34049251110618,-31.34049251110618,-28.732427288004263,-20.848342286881103,-20.848342286881103,-31.34049251110618,True,True,False,False,False,True,-3.552713678800501e-15,-3.552713678800501e-15,19
IEEE-14_core_b5l9_009,IEEE-14,core_b5l9,45,5,9,102,-31.340492511106177,-31.34049251110618,-31.34049251110618,-28.732427288004263,-20.848342286881103,-20.848342286881103,-31.34049251110618,True,True,False,False,False,True,-3.552713678800501e-15,-3.552713678800501e-15,19
IEEE-118_v118_core_b5l9_004,IEEE-118,v118_core_b5l9,45,5,9,101,-22.67798423411653,-22.362722230769158,-22.67798423411464,-22.67798423411464,-14.51688492614681,-14.564005083326638,-22.67798423411464,False,True,True,False,False,True,0.315262003347371,1.8900436771218665e-12,19
IEEE-118_v118_core_b5l9_004,IEEE-118,v118_core_b5l9,45,5,9,102,-22.67798423411653,-19.859759937062158,-22.67798423411464,-22.67798423411464,-14.51688492614681,-14.564005083326638,-22.67798423411464,False,True,True,False,False,True,2.818224297054371,1.8900436771218665e-12,19
IEEE-57_v57_core_b5l9_000,IEEE-57,v57_core_b5l9,45,5,9,101,-29.36817484116324,-28.053875485422854,-13.437802208942593,-27.35782701175247,-17.601878332567278,-23.99239340214093,-28.252880470826682,False,False,False,False,False,False,1.3142993557403848,1.1152943703365565,19
IEEE-57_v57_core_b5l9_000,IEEE-57,v57_core_b5l9,45,5,9,102,-29.36817484116324,-26.518235732368176,-13.437802208942593,-27.35782701175247,-17.601878332567278,-23.99239340214093,-28.252880470826682,False,False,False,False,False,False,2.8499391087950627,1.1152943703365565,19
IEEE-118_v118_core_b4l10_008,IEEE-118,v118_core_b4l10,40,4,10,101,-8.186007850981582,-4.293790944507615,-8.186007850982392,-8.186007850982392,2.9240171729553275,2.9240171729553275,-8.186007850982392,False,True,True,False,False,True,3.8922169064739673,-8.100187187665142e-13,19
IEEE-118_v118_core_b4l10_008,IEEE-118,v118_core_b4l10,40,4,10,102,-8.186007850981582,-4.293790944507615,-8.186007850982392,-8.186007850982392,2.9240171729553275,2.9240171729553275,-8.186007850982392,False,True,True,False,False,True,3.8922169064739673,-8.100187187665142e-13,19
IEEE-30_v30_core_b4l10_005,IEEE-30,v30_core_b4l10,40,4,10,101,-9.529155777470962,-5.797623406538703,-9.529155777470965,-9.529155777470965,2.3073833053088073,-5.797623406538703,-9.529155777470965,False,True,True,False,False,True,3.7315323709322588,-3.552713678800501e-15,19
IEEE-30_v30_core_b4l10_005,IEEE-30,v30_core_b4l10,40,4,10,102,-9.529155777470962,-5.797623406538703,-9.529155777470965,-9.529155777470965,2.3073833053088073,-5.797623406538703,-9.529155777470965,False,True,True,False,False,True,3.7315323709322588,-3.552713678800501e-15,19
IEEE-118_v118_core_b5l9_001,IEEE-118,v118_core_b5l9,45,5,9,101,-25.42584549631278,-24.497509294123972,-24.86182651204739,-25.425845496312515,-19.79159976919817,-24.497509294123972,-25.425845496312515,False,False,True,False,False,True,0.928336202188806,2.6290081223123707e-13,19
IEEE-118_v118_core_b5l9_001,IEEE-118,v118_core_b5l9,45,5,9,102,-25.42584549631278,-24.497509294123972,-24.86182651204739,-25.425845496312515,-19.79159976919817,-24.497509294123972,-25.425845496312515,False,False,True,False,False,True,0.928336202188806,2.6290081223123707e-13,19
IEEE-14_core_b5l9_007,IEEE-14,core_b5l9,45,5,9,101,-36.29107256327213,-31.416135013407764,-27.51056651367876,-33.39717903691174,-22.17575611744461,-22.17575611744461,-32.996867132470236,False,False,False,False,False,False,4.874937549864367,3.2942054308018953,19
IEEE-14_core_b5l9_007,IEEE-14,core_b5l9,45,5,9,102,-36.29107256327213,-30.169131434361375,-27.51056651367876,-33.39717903691174,-22.17575611744461,-22.17575611744461,-32.996867132470236,False,False,False,False,False,False,6.1219411289107555,3.2942054308018953,19
IEEE-14_core_b5l9_001,IEEE-14,core_b5l9,45,5,9,101,0.0,0.0,0.0,0.0,0.0,0.0,0.0,True,True,True,True,True,True,0.0,0.0,19
IEEE-14_core_b5l9_001,IEEE-14,core_b5l9,45,5,9,102,0.0,0.0,0.0,0.0,0.0,0.0,0.0,True,True,True,True,True,True,0.0,0.0,19
IEEE-14_core_b5l9_003,IEEE-14,core_b5l9,45,5,9,101,-1.2170556016287928,6.3768446957063745,-1.217055601628796,-1.217055601628796,24.794785156724604,24.794785156724604,-1.2007980695954903,False,True,True,False,False,False,7.593900297335168,0.01625753203330249,19
IEEE-14_core_b5l9_003,IEEE-14,core_b5l9,45,5,9,102,-1.2170556016287928,1.3917523935101177,-1.217055601628796,-1.217055601628796,24.794785156724604,24.794785156724604,-1.2007980695954903,False,True,True,False,False,False,2.6088079951389105,0.01625753203330249,19
IEEE-57_v57_core_b5l9_008,IEEE-57,v57_core_b5l9,45,5,9,101,-26.56478450035515,-26.564784500355138,-25.58423339101776,-26.564784500355138,-21.456269422150015,-26.564784500355138,-26.564784500355138,True,False,True,False,True,True,1.0658141036401503e-14,1.0658141036401503e-14,19
IEEE-57_v57_core_b5l9_008,IEEE-57,v57_core_b5l9,45,5,9,102,-26.56478450035515,-26.564784500355138,-25.58423339101776,-26.564784500355138,-21.456269422150015,-26.564784500355138,-26.564784500355138,True,False,True,False,True,True,1.0658141036401503e-14,1.0658141036401503e-14,19
IEEE-57_v57_core_b5l9_006,IEEE-57,v57_core_b5l9,45,5,9,101,-28.46603361684479,-25.358335362166542,-28.466033616844776,-27.110619305164644,-19.62540220388553,-19.801856804355186,-25.358335362166542,False,True,False,False,False,False,3.1076982546782475,3.1076982546782475,19
IEEE-57_v57_core_b5l9_006,IEEE-57,v57_core_b5l9,45,5,9,102,-28.46603361684479,-25.358335362166542,-28.466033616844776,-27.110619305164644,-19.62540220388553,-19.801856804355186,-25.358335362166542,False,True,False,False,False,False,3.1076982546782475,3.1076982546782475,19
IEEE-57_v57_core_b5l9_007,IEEE-57,v57_core_b5l9,45,5,9,101,-29.36817484116324,-23.30832827574618,-29.36817484116323,-27.64880004901544,-16.71957774723955,-23.2567015193951,-27.76702186164114,False,True,False,False,False,False,6.0598465654170575,1.601152979522098,19
IEEE-57_v57_core_b5l9_007,IEEE-57,v57_core_b5l9,45,5,9,102,-29.36817484116324,-27.546438102437893,-29.36817484116323,-27.64880004901544,-16.71957774723955,-23.2567015193951,-27.76702186164114,False,True,False,False,False,False,1.8217367387253454,1.601152979522098,19
IEEE-14_core_b4l10_002,IEEE-14,core_b4l10,40,4,10,101,-5.306622581715756,-0.10448911412164108,-5.306622581715796,-5.306622581715796,8.939468991665038,8.939468991665038,-5.306622581715796,False,True,True,False,False,True,5.202133467594115,-3.9968028886505635e-14,19
IEEE-14_core_b4l10_002,IEEE-14,core_b4l10,40,4,10,102,-5.306622581715756,-0.10448911412164108,-5.306622581715796,-5.306622581715796,8.939468991665038,8.939468991665038,-5.306622581715796,False,True,True,False,False,True,5.202133467594115,-3.9968028886505635e-14,19
IEEE-30_v30_core_b4l10_002,IEEE-30,v30_core_b4l10,40,4,10,101,-9.529155777470962,-5.728229102048955,-9.213061990675154,-9.529155777470965,3.6268834862868857,3.6268834862868857,-9.213061990675154,False,False,True,False,False,False,3.800926675422007,0.3160937867958076,19
IEEE-30_v30_core_b4l10_002,IEEE-30,v30_core_b4l10,40,4,10,102,-9.529155777470962,-9.213061990675154,-9.213061990675154,-9.529155777470965,3.6268834862868857,3.6268834862868857,-9.213061990675154,False,False,True,False,False,False,0.3160937867958076,0.3160937867958076,19
IEEE-118_v118_core_b4l10_007,IEEE-118,v118_core_b4l10,40,4,10,101,-8.370761972544551,-4.8141597000426515,-7.807404275903792,-8.020635223551155,1.930923029109053,1.930923029109053,-8.370761972544598,False,False,False,False,False,True,3.5566022725019,-4.618527782440651e-14,19
IEEE-118_v118_core_b4l10_007,IEEE-118,v118_core_b4l10,40,4,10,102,-8.370761972544551,-4.8141597000426515,-7.807404275903792,-8.020635223551155,1.930923029109053,1.930923029109053,-8.370761972544598,False,False,False,False,False,True,3.5566022725019,-4.618527782440651e-14,19
IEEE-30_v30_core_b4l10_004,IEEE-30,v30_core_b4l10,40,4,10,101,-8.371691025489064,-8.371691025489067,-8.371691025489067,-8.371691025489067,-8.371691025489067,-8.371691025489067,-8.371691025489067,True,True,True,True,True,True,-3.552713678800501e-15,-3.552713678800501e-15,19
IEEE-30_v30_core_b4l10_004,IEEE-30,v30_core_b4l10,40,4,10,102,-8.371691025489064,-8.371691025489067,-8.371691025489067,-8.371691025489067,-8.371691025489067,-8.371691025489067,-8.371691025489067,True,True,True,True,True,True,-3.552713678800501e-15,-3.552713678800501e-15,19
IEEE-14_core_b4l10_006,IEEE-14,core_b4l10,40,4,10,101,-30.078242069632097,-25.888352882252697,-30.078242069632086,-27.184031274077924,-19.91231448573743,-25.888352882252697,-30.078242069632086,False,True,False,False,False,True,4.1898891873794,1.0658141036401503e-14,19
IEEE-14_core_b4l10_006,IEEE-14,core_b4l10,40,4,10,102,-30.078242069632097,-25.888352882252697,-30.078242069632086,-27.184031274077924,-19.91231448573743,-25.888352882252697,-30.078242069632086,False,True,False,False,False,True,4.1898891873794,1.0658141036401503e-14,19
IEEE-118_v118_core_b4l10_001,IEEE-118,v118_core_b4l10,40,4,10,101,-16.583268972729833,-16.583268972729876,-16.425454286285607,-16.455341302428398,-13.137731196492581,-16.310768033104353,-16.583268972729876,True,False,False,False,False,True,-4.263256414560601e-14,-4.263256414560601e-14,19
IEEE-118_v118_core_b4l10_001,IEEE-118,v118_core_b4l10,40,4,10,102,-16.583268972729833,-16.583268972729876,-16.425454286285607,-16.455341302428398,-13.137731196492581,-16.310768033104353,-16.583268972729876,True,False,False,False,False,True,-4.263256414560601e-14,-4.263256414560601e-14,19
IEEE-14_core_b4l10_001,IEEE-14,core_b4l10,40,4,10,101,-0.4314169239501244,-0.43141692395012443,-0.43141692395012443,-0.43141692395012443,-0.43141692395012443,-0.43141692395012443,-0.43141692395012443,True,True,True,True,True,True,-5.551115123125783e-17,-5.551115123125783e-17,19
IEEE-14_core_b4l10_001,IEEE-14,core_b4l10,40,4,10,102,-0.4314169239501244,-0.43141692395012443,-0.43141692395012443,-0.43141692395012443,-0.43141692395012443,-0.43141692395012443,-0.43141692395012443,True,True,True,True,True,True,-5.551115123125783e-17,-5.551115123125783e-17,19
IEEE-118_v118_core_b4l10_003,IEEE-118,v118_core_b4l10,40,4,10,101,-16.495687606699125,-16.495687606699185,-16.495687606699185,-16.048881830516553,-13.676428528407264,-13.676428528407264,-16.495687606699185,True,True,False,False,False,True,-6.039613253960852e-14,-6.039613253960852e-14,19
IEEE-118_v118_core_b4l10_003,IEEE-118,v118_core_b4l10,40,4,10,102,-16.495687606699125,-16.495687606699185,-16.495687606699185,-16.048881830516553,-13.676428528407264,-13.676428528407264,-16.495687606699185,True,True,False,False,False,True,-6.039613253960852e-14,-6.039613253960852e-14,19
IEEE-30_v30_core_b4l10_003,IEEE-30,v30_core_b4l10,40,4,10,101,-9.529155777470962,-7.04729407825108,-9.529155777470965,-9.213061990675154,3.1706021523817576,3.1706021523817576,-9.213061990675154,False,True,False,False,False,False,2.4818616992198814,0.3160937867958076,19
IEEE-30_v30_core_b4l10_003,IEEE-30,v30_core_b4l10,40,4,10,102,-9.529155777470962,-9.213061990675154,-9.529155777470965,-9.213061990675154,3.1706021523817576,3.1706021523817576,-9.213061990675154,False,True,False,False,False,False,0.3160937867958076,0.3160937867958076,19
IEEE-30_v30_core_b5l9_004,IEEE-30,v30_core_b5l9,45,5,9,101,-8.617337181390432,-5.4520204370345695,-8.252681770679958,-8.215370883165521,18.41231566894999,18.41231566894999,-5.4520204370345695,False,False,False,False,False,False,3.165316744355863,3.165316744355863,19
IEEE-30_v30_core_b5l9_004,IEEE-30,v30_core_b5l9,45,5,9,102,-8.617337181390432,3.9165347953262994,-8.252681770679958,-8.215370883165521,18.41231566894999,18.41231566894999,-5.4520204370345695,False,False,False,False,False,False,12.533871976716732,3.165316744355863,19
IEEE-118_v118_core_b5l9_008,IEEE-118,v118_core_b5l9,45,5,9,101,-22.1372105901275,-19.759031452223994,-22.13721059012762,-22.13721059012762,-14.566896004029172,-14.759240294787897,-22.13721059012762,False,True,True,False,False,True,2.378179137903505,-1.2079226507921703e-13,19
IEEE-118_v118_core_b5l9_008,IEEE-118,v118_core_b5l9,45,5,9,102,-22.1372105901275,-19.759031452223994,-22.13721059012762,-22.13721059012762,-14.566896004029172,-14.759240294787897,-22.13721059012762,False,True,True,False,False,True,2.378179137903505,-1.2079226507921703e-13,19
IEEE-30_v30_core_b4l10_007,IEEE-30,v30_core_b4l10,40,4,10,101,-9.529155777470962,-5.797623406538703,-9.529155777470965,-9.529155777470965,3.1706021523817576,3.1706021523817576,-9.529155777470965,False,True,True,False,False,True,3.7315323709322588,-3.552713678800501e-15,19
IEEE-30_v30_core_b4l10_007,IEEE-30,v30_core_b4l10,40,4,10,102,-9.529155777470962,-5.797623406538703,-9.529155777470965,-9.529155777470965,3.1706021523817576,3.1706021523817576,-9.529155777470965,False,True,True,False,False,True,3.7315323709322588,-3.552713678800501e-15,19
IEEE-118_v118_core_b5l9_000,IEEE-118,v118_core_b5l9,45,5,9,101,-17.937904115285356,-16.04773611816159,-17.35136443290997,-17.93790411528801,-10.240334808919787,-15.798079639541767,-17.93790411528801,False,False,True,False,False,True,1.8901679971237648,-2.653877118063974e-12,19
IEEE-118_v118_core_b5l9_000,IEEE-118,v118_core_b5l9,45,5,9,102,-17.937904115285356,-16.04773611816159,-17.35136443290997,-17.93790411528801,-10.240334808919787,-15.798079639541767,-17.93790411528801,False,False,True,False,False,True,1.8901679971237648,-2.653877118063974e-12,19
IEEE-57_v57_core_b4l10_009,IEEE-57,v57_core_b4l10,40,4,10,101,-25.101580996810515,-21.46361176923415,-24.970195423199144,-25.101580996810505,-15.562338925348136,-21.46361176923415,-24.086754037592026,False,False,True,False,False,False,3.6379692275763666,1.0148269592184889,19
IEEE-57_v57_core_b4l10_009,IEEE-57,v57_core_b4l10,40,4,10,102,-25.101580996810515,-23.90098681431855,-24.970195423199144,-25.101580996810505,-15.562338925348136,-21.46361176923415,-24.086754037592026,False,False,True,False,False,False,1.2005941824919653,1.0148269592184889,19
IEEE-30_v30_core_b4l10_008,IEEE-30,v30_core_b4l10,40,4,10,101,0.0,1.5,0.0,0.0,0.0,0.0,0.0,False,True,True,True,True,True,1.5,0.0,19
IEEE-30_v30_core_b4l10_008,IEEE-30,v30_core_b4l10,40,4,10,102,0.0,1.5,0.0,0.0,0.0,0.0,0.0,False,True,True,True,True,True,1.5,0.0,19
IEEE-30_v30_core_b4l10_001,IEEE-30,v30_core_b4l10,40,4,10,101,-7.0929238200428,-3.5072484989255486,-6.8270413487775805,-6.519111924303157,5.697788330059332,-3.5072484989255486,-7.092923820042806,False,False,False,False,False,True,3.585675321117251,-6.217248937900877e-15,19
IEEE-30_v30_core_b4l10_001,IEEE-30,v30_core_b4l10,40,4,10,102,-7.0929238200428,-6.8270413487775805,-6.8270413487775805,-6.519111924303157,5.697788330059332,-3.5072484989255486,-7.092923820042806,False,False,False,False,False,True,0.26588247126521924,-6.217248937900877e-15,19
IEEE-118_v118_core_b5l9_002,IEEE-118,v118_core_b5l9,45,5,9,101,-22.13150435146947,-22.131504351469125,-21.99297494596872,-21.882753748160283,-18.340109396598873,-22.131504351469125,-22.131504351469125,True,False,False,False,True,True,3.446132268436486e-13,3.446132268436486e-13,19
IEEE-118_v118_core_b5l9_002,IEEE-118,v118_core_b5l9,45,5,9,102,-22.13150435146947,-22.131504351469125,-21.99297494596872,-21.882753748160283,-18.340109396598873,-22.131504351469125,-22.131504351469125,True,False,False,False,True,True,3.446132268436486e-13,3.446132268436486e-13,19
IEEE-14_core_b5l9_004,IEEE-14,core_b5l9,45,5,9,101,-15.760152112086637,-4.954752851814934,-14.805905382205879,-14.307354019345055,32.016356913203424,-4.954752851814934,-9.683494500270896,False,False,False,False,False,False,10.805399260271702,6.07665761181574,19
IEEE-14_core_b5l9_004,IEEE-14,core_b5l9,45,5,9,102,-15.760152112086637,-9.31548387977,-14.805905382205879,-14.307354019345055,32.016356913203424,-4.954752851814934,-9.683494500270896,False,False,False,False,False,False,6.444668232316637,6.07665761181574,19
IEEE-118_v118_core_b4l10_009,IEEE-118,v118_core_b4l10,40,4,10,101,-16.581638780949362,-16.58163878094941,-16.499899703423296,-16.499899703423296,-14.732880813884577,-15.523194997252617,-16.58163878094941,True,False,False,False,False,True,-4.973799150320701e-14,-4.973799150320701e-14,19
IEEE-118_v118_core_b4l10_009,IEEE-118,v118_core_b4l10,40,4,10,102,-16.581638780949362,-16.58163878094941,-16.499899703423296,-16.499899703423296,-14.732880813884577,-15.523194997252617,-16.58163878094941,True,False,False,False,False,True,-4.973799150320701e-14,-4.973799150320701e-14,19
IEEE-57_v57_core_b5l9_005,IEEE-57,v57_core_b5l9,45,5,9,101,-27.447085085682865,-27.447085085682858,-26.070092000203307,-27.447085085682858,-22.73364631868204,-27.447085085682858,-27.447085085682858,True,False,True,False,True,True,7.105427357601002e-15,7.105427357601002e-15,19
IEEE-57_v57_core_b5l9_005,IEEE-57,v57_core_b5l9,45,5,9,102,-27.447085085682865,-27.447085085682858,-26.070092000203307,-27.447085085682858,-22.73364631868204,-27.447085085682858,-27.447085085682858,True,False,True,False,True,True,7.105427357601002e-15,7.105427357601002e-15,19
IEEE-14_core_b5l9_000,IEEE-14,core_b5l9,45,5,9,101,-33.2688007640227,-33.2688007640227,-27.656482178749542,-29.613212490693197,-20.848342286881103,-20.848342286881103,-33.2688007640227,True,False,False,False,False,True,0.0,0.0,19
IEEE-14_core_b5l9_000,IEEE-14,core_b5l9,45,5,9,102,-33.2688007640227,-33.2688007640227,-27.656482178749542,-29.613212490693197,-20.848342286881103,-20.848342286881103,-33.2688007640227,True,False,False,False,False,True,0.0,0.0,19
IEEE-30_v30_core_b5l9_002,IEEE-30,v30_core_b5l9,45,5,9,101,-8.617337181390432,-5.6938278354828,-8.61733718139044,-8.215370883165521,13.93168033420556,1.5789726245522573,-8.252681770679956,False,True,False,False,False,False,2.9235093459076325,0.36465541071047625,19
IEEE-30_v30_core_b5l9_002,IEEE-30,v30_core_b5l9,45,5,9,102,-8.617337181390432,-5.6938278354828,-8.61733718139044,-8.215370883165521,13.93168033420556,1.5789726245522573,-8.252681770679956,False,True,False,False,False,False,2.9235093459076325,0.36465541071047625,19
IEEE-30_v30_core_b5l9_008,IEEE-30,v30_core_b5l9,45,5,9,101,-9.274977316582069,-9.274977316582069,-9.274977316582069,-9.274977316582069,-9.274977316582069,-9.274977316582069,-9.274977316582069,True,True,True,True,True,True,0.0,0.0,19
IEEE-30_v30_core_b5l9_008,IEEE-30,v30_core_b5l9,45,5,9,102,-9.274977316582069,-9.274977316582069,-9.274977316582069,-9.274977316582069,-9.274977316582069,-9.274977316582069,-9.274977316582069,True,True,True,True,True,True,0.0,0.0,19
IEEE-118_v118_core_b5l9_006,IEEE-118,v118_core_b5l9,45,5,9,101,-16.774253425002254,-16.31101903417234,-16.774253425002495,-16.774253425002495,-14.440616938459364,-14.542796105747978,-16.774253425002495,False,True,True,False,False,True,0.46323439082991413,-2.4158453015843406e-13,19
IEEE-118_v118_core_b5l9_006,IEEE-118,v118_core_b5l9,45,5,9,102,-16.774253425002254,-16.31101903417234,-16.774253425002495,-16.774253425002495,-14.440616938459364,-14.542796105747978,-16.774253425002495,False,True,True,False,False,True,0.46323439082991413,-2.4158453015843406e-13,19
IEEE-57_v57_core_b4l10_005,IEEE-57,v57_core_b4l10,40,4,10,101,-24.873213938801893,-23.350036956706468,-24.87321393880189,-23.889453539845814,-14.173334220586284,-20.996100486929294,-24.87321393880189,False,True,False,False,False,True,1.5231769820954248,3.552713678800501e-15,19
IEEE-57_v57_core_b4l10_005,IEEE-57,v57_core_b4l10,40,4,10,102,-24.873213938801893,-20.996100486929294,-24.87321393880189,-23.889453539845814,-14.173334220586284,-20.996100486929294,-24.87321393880189,False,True,False,False,False,True,3.8771134518725994,3.552713678800501e-15,19
IEEE-118_v118_core_b5l9_005,IEEE-118,v118_core_b5l9,45,5,9,101,-21.80149345208792,-20.371570588697452,-21.80149345208799,-21.17912728831032,-16.060815977283607,-20.371570588697452,-21.80149345208799,False,True,False,False,False,True,1.4299228633904697,-6.750155989720952e-14,19
IEEE-118_v118_core_b5l9_005,IEEE-118,v118_core_b5l9,45,5,9,102,-21.80149345208792,-20.371570588697452,-21.80149345208799,-21.17912728831032,-16.060815977283607,-20.371570588697452,-21.80149345208799,False,True,False,False,False,True,1.4299228633904697,-6.750155989720952e-14,19
IEEE-30_v30_core_b5l9_001,IEEE-30,v30_core_b5l9,45,5,9,101,-11.222413584011,-8.217214362468054,-10.842681431157473,-11.210504842053986,12.352737964975468,-6.524756350976132,-8.21721436246806,False,False,False,False,False,False,3.005199221542947,3.0051992215429415,19
IEEE-30_v30_core_b5l9_001,IEEE-30,v30_core_b5l9,45,5,9,102,-11.222413584011,-8.499960377029714,-10.842681431157473,-11.210504842053986,12.352737964975468,-6.524756350976132,-8.21721436246806,False,False,False,False,False,False,2.722453206981287,3.0051992215429415,19
IEEE-30_v30_core_b5l9_003,IEEE-30,v30_core_b5l9,45,5,9,101,-11.04662870997317,-4.360709015154505,-10.765733631827473,-10.765733631827473,6.478921347240316,6.478921347240316,-5.261295488345439,False,False,False,False,False,False,6.685919694818665,5.785333221627731,19
IEEE-30_v30_core_b5l9_003,IEEE-30,v30_core_b5l9,45,5,9,102,-11.04662870997317,-5.261295488345439,-10.765733631827473,-10.765733631827473,6.478921347240316,6.478921347240316,-5.261295488345439,False,False,False,False,False,False,5.785333221627731,5.785333221627731,19
IEEE-57_v57_core_b5l9_001,IEEE-57,v57_core_b5l9,45,5,9,101,-29.3172760507946,-27.546438102437893,-29.317276050794582,-29.317276050794582,-15.741613674829214,-15.741613674829214,-27.74544308784172,False,True,True,False,False,False,1.7708379483567072,1.5718329629528789,19
IEEE-57_v57_core_b5l9_001,IEEE-57,v57_core_b5l9,45,5,9,102,-29.3172760507946,-23.03335243799986,-29.317276050794582,-29.317276050794582,-15.741613674829214,-15.741613674829214,-27.74544308784172,False,True,True,False,False,False,6.283923612794741,1.5718329629528789,19
IEEE-14_core_b5l9_006,IEEE-14,core_b5l9,45,5,9,101,-15.760152112086637,-9.31548387977,-13.07372222851194,-15.760152112086681,31.388294817240215,4.737139135623224,-9.683494500270896,False,False,True,False,False,False,6.444668232316637,6.07665761181574,19
IEEE-14_core_b5l9_006,IEEE-14,core_b5l9,45,5,9,102,-15.760152112086637,-8.737243526709662,-13.07372222851194,-15.760152112086681,31.388294817240215,4.737139135623224,-9.683494500270896,False,False,True,False,False,False,7.022908585376975,6.07665761181574,19
IEEE-57_v57_core_b4l10_003,IEEE-57,v57_core_b4l10,40,4,10,101,-25.71883096405124,-25.71883096405123,-25.71883096405123,-24.460294909991532,-15.584425288865553,-22.407191555208563,-23.61467788474219,True,True,False,False,False,False,1.0658141036401503e-14,2.10415307930905,19
IEEE-57_v57_core_b4l10_003,IEEE-57,v57_core_b4l10,40,4,10,102,-25.71883096405124,-22.407191555208563,-25.71883096405123,-24.460294909991532,-15.584425288865553,-22.407191555208563,-23.61467788474219,False,True,False,False,False,False,3.3116394088426766,2.10415307930905,19
IEEE-118_v118_core_b4l10_000,IEEE-118,v118_core_b4l10,40,4,10,101,-16.30306280167277,-16.078158496575792,-16.30306280167281,-16.30306280167281,-12.336244638671497,-12.336244638671497,-16.30306280167281,False,True,True,False,False,True,0.22490430509697745,-3.907985046680551e-14,19
IEEE-118_v118_core_b4l10_000,IEEE-118,v118_core_b4l10,40,4,10,102,-16.30306280167277,-16.078158496575792,-16.30306280167281,-16.30306280167281,-12.336244638671497,-12.336244638671497,-16.30306280167281,False,True,True,False,False,True,0.22490430509697745,-3.907985046680551e-14,19
IEEE-118_v118_core_b5l9_009,IEEE-118,v118_core_b5l9,45,5,9,101,-19.722504286961737,-18.727470719875107,-19.722504286961748,-19.722504286961748,-14.392401214428851,-14.444278298918285,-19.722504286961748,False,True,True,False,False,True,0.9950335670866295,-1.0658141036401503e-14,19
IEEE-118_v118_core_b5l9_009,IEEE-118,v118_core_b5l9,45,5,9,102,-19.722504286961737,-19.722504286961748,-19.722504286961748,-19.722504286961748,-14.392401214428851,-14.444278298918285,-19.722504286961748,True,True,True,False,False,True,-1.0658141036401503e-14,-1.0658141036401503e-14,19
IEEE-14_core_b4l10_003,IEEE-14,core_b4l10,40,4,10,101,-12.49464659130168,-10.617393572586685,-10.617393572586685,-11.895547944098436,13.411483757722841,13.411483757722841,-12.49464659130162,False,False,False,False,False,True,1.8772530187149954,6.039613253960852e-14,19
IEEE-14_core_b4l10_003,IEEE-14,core_b4l10,40,4,10,102,-12.49464659130168,-8.701626617421956,-10.617393572586685,-11.895547944098436,13.411483757722841,13.411483757722841,-12.49464659130162,False,False,False,False,False,True,3.7930199738797246,6.039613253960852e-14,19
IEEE-118_v118_core_b4l10_004,IEEE-118,v118_core_b4l10,40,4,10,101,-9.447001941327157,-9.447001941327228,-9.447001941327228,-8.879188540139438,-6.746992661318899,-6.746992661318899,-9.447001941327228,True,True,False,False,False,True,-7.105427357601002e-14,-7.105427357601002e-14,19
IEEE-118_v118_core_b4l10_004,IEEE-118,v118_core_b4l10,40,4,10,102,-9.447001941327157,-9.447001941327228,-9.447001941327228,-8.879188540139438,-6.746992661318899,-6.746992661318899,-9.447001941327228,True,True,False,False,False,True,-7.105427357601002e-14,-7.105427357601002e-14,19
IEEE-14_core_b4l10_005,IEEE-14,core_b4l10,40,4,10,101,-11.986552133566274,-8.77903564951888,-11.466699104977298,-11.811293172083719,21.573486378957842,21.573486378957842,-9.788686886989595,False,False,False,False,False,False,3.207516484047394,2.1978652465766793,19
IEEE-14_core_b4l10_005,IEEE-14,core_b4l10,40,4,10,102,-11.986552133566274,-1.9817961562784348,-11.466699104977298,-11.811293172083719,21.573486378957842,21.573486378957842,-9.788686886989595,False,False,False,False,False,False,10.00475597728784,2.1978652465766793,19
IEEE-118_v118_core_b5l9_007,IEEE-118,v118_core_b5l9,45,5,9,101,-24.40590527603249,-24.280939502822342,-24.280939502822342,-24.405905276030133,-20.28640441990718,-24.280939502822342,-24.405905276030133,False,False,True,False,False,True,0.12496577321014968,2.3590018827235326e-12,19
IEEE-118_v118_core_b5l9_007,IEEE-118,v118_core_b5l9,45,5,9,102,-24.40590527603249,-24.280939502822342,-24.280939502822342,-24.405905276030133,-20.28640441990718,-24.280939502822342,-24.405905276030133,False,False,True,False,False,True,0.12496577321014968,2.3590018827235326e-12,19
IEEE-30_v30_core_b4l10_000,IEEE-30,v30_core_b4l10,40,4,10,101,-9.529155777470962,-7.5181120042008995,-9.529155777470965,-9.529155777470965,5.066495343639101,5.066495343639101,-9.529155777470965,False,True,True,False,False,True,2.011043773270062,-3.552713678800501e-15,19
IEEE-30_v30_core_b4l10_000,IEEE-30,v30_core_b4l10,40,4,10,102,-9.529155777470962,-5.390685893370884,-9.529155777470965,-9.529155777470965,5.066495343639101,5.066495343639101,-9.529155777470965,False,True,True,False,False,True,4.138469884100077,-3.552713678800501e-15,19
IEEE-57_v57_core_b4l10_008,IEEE-57,v57_core_b4l10,40,4,10,101,-26.29807791583346,-24.001444121309987,-26.298077915833453,-24.811174803765134,-18.766927041171073,-18.766927041171073,-25.94719802205985,False,True,False,False,False,False,2.2966337945234727,0.35087989377360884,19
IEEE-57_v57_core_b4l10_008,IEEE-57,v57_core_b4l10,40,4,10,102,-26.29807791583346,-24.001444121309987,-26.298077915833453,-24.811174803765134,-18.766927041171073,-18.766927041171073,-25.94719802205985,False,True,False,False,False,False,2.2966337945234727,0.35087989377360884,19
IEEE-118_v118_core_b4l10_002,IEEE-118,v118_core_b4l10,40,4,10,101,-16.727061104747143,-16.26647432590338,-16.683370654461935,-16.727061104747218,-16.012163191303372,-16.012163191303372,-16.727061104747218,False,False,True,False,False,True,0.4605867788437621,-7.460698725481052e-14,19
IEEE-118_v118_core_b4l10_002,IEEE-118,v118_core_b4l10,40,4,10,102,-16.727061104747143,-16.26647432590338,-16.683370654461935,-16.727061104747218,-16.012163191303372,-16.012163191303372,-16.727061104747218,False,False,True,False,False,True,0.4605867788437621,-7.460698725481052e-14,19
IEEE-30_v30_core_b4l10_009,IEEE-30,v30_core_b4l10,40,4,10,101,-7.0929238200428,-3.5072484989255486,-7.092923820042806,-7.092923820042806,5.697788330059332,-6.8270413487775805,-6.8270413487775805,False,True,True,False,False,False,3.585675321117251,0.26588247126521924,19
IEEE-30_v30_core_b4l10_009,IEEE-30,v30_core_b4l10,40,4,10,102,-7.0929238200428,-6.792676726801231,-7.092923820042806,-7.092923820042806,5.697788330059332,-6.8270413487775805,-6.8270413487775805,False,True,True,False,False,False,0.30024709324156884,0.26588247126521924,19
IEEE-14_core_b4l10_004,IEEE-14,core_b4l10,40,4,10,101,-1.2482096159673952,3.413074718539362,-1.2482096159673992,-1.2482096159673992,25.395198286679562,16.317992271203956,3.0293306233492707,False,True,True,False,False,False,4.661284334506758,4.277540239316666,19
IEEE-14_core_b4l10_004,IEEE-14,core_b4l10,40,4,10,102,-1.2482096159673952,4.157459726276065,-1.2482096159673992,-1.2482096159673992,25.395198286679562,16.317992271203956,3.0293306233492707,False,True,True,False,False,False,5.405669342243461,4.277540239316666,19
IEEE-57_v57_core_b4l10_006,IEEE-57,v57_core_b4l10,40,4,10,101,-25.947198022059855,-24.460294909991532,-24.460294909991532,-25.94719802205985,-16.973429993627406,-16.973429993627406,-25.94719802205985,False,False,True,False,False,True,1.4869031120683225,3.552713678800501e-15,19
IEEE-57_v57_core_b4l10_006,IEEE-57,v57_core_b4l10,40,4,10,102,-25.947198022059855,-23.155827096060648,-24.460294909991532,-25.94719802205985,-16.973429993627406,-16.973429993627406,-25.94719802205985,False,False,True,False,False,True,2.7913709259992068,3.552713678800501e-15,19
IEEE-118_v118_core_b4l10_006,IEEE-118,v118_core_b4l10,40,4,10,101,-7.706053636582729,-3.900599144094926,-7.706053636583009,-7.706053636583009,3.000603322362977,-2.590082560907449,-7.498261800958629,False,True,True,False,False,False,3.8054544924878027,0.20779183562409997,19
IEEE-118_v118_core_b4l10_006,IEEE-118,v118_core_b4l10,40,4,10,102,-7.706053636582729,-3.900599144094926,-7.706053636583009,-7.706053636583009,3.000603322362977,-2.590082560907449,-7.498261800958629,False,True,True,False,False,False,3.8054544924878027,0.20779183562409997,19
IEEE-14_core_b4l10_009,IEEE-14,core_b4l10,40,4,10,101,-12.465723994296532,-3.5680945987654624,-12.465723994296468,-12.465723994296468,18.34523734024922,18.34523734024922,-11.726731811346975,False,True,True,False,False,False,8.89762939553107,0.7389921829495574,19
IEEE-14_core_b4l10_009,IEEE-14,core_b4l10,40,4,10,102,-12.465723994296532,-3.5680945987654624,-12.465723994296468,-12.465723994296468,18.34523734024922,18.34523734024922,-11.726731811346975,False,True,True,False,False,False,8.89762939553107,0.7389921829495574,19
IEEE-14_core_b5l9_008,IEEE-14,core_b5l9,45,5,9,101,-11.535640508160686,-7.810561301265153,-11.293158154895925,-10.904427221171725,24.026999630160155,3.6842506829348025,-10.361593835697121,False,False,False,False,False,False,3.7250792068955327,1.1740466724635645,19
IEEE-14_core_b5l9_008,IEEE-14,core_b5l9,45,5,9,102,-11.535640508160686,-7.044377507713328,-11.293158154895925,-10.904427221171725,24.026999630160155,3.6842506829348025,-10.361593835697121,False,False,False,False,False,False,4.491263000447358,1.1740466724635645,19
IEEE-57_v57_core_b5l9_004,IEEE-57,v57_core_b5l9,45,5,9,101,-29.36817484116324,-28.596685521791528,-29.36817484116323,-13.437802208942593,-18.285943458962027,-18.285943458962027,-28.3976805363877,False,True,False,False,False,False,0.7714893193717103,0.9704943047755386,16
IEEE-57_v57_core_b5l9_004,IEEE-57,v57_core_b5l9,45,5,9,102,-29.36817484116324,-28.596685521791528,-29.36817484116323,-13.437802208942593,-18.285943458962027,-18.285943458962027,-28.3976805363877,False,True,False,False,False,False,0.7714893193717103,0.9704943047755386,19
IEEE-14_core_b4l10_007,IEEE-14,core_b4l10,40,4,10,101,0.0,1.5,0.0,0.0,0.0,0.0,0.0,False,True,True,True,True,True,1.5,0.0,19
IEEE-14_core_b4l10_007,IEEE-14,core_b4l10,40,4,10,102,0.0,1.5,0.0,0.0,0.0,0.0,0.0,False,True,True,True,True,True,1.5,0.0,19
IEEE-57_v57_core_b4l10_000,IEEE-57,v57_core_b4l10,40,4,10,101,-25.71883096405124,-22.407191555208563,-25.71883096405123,-24.460294909991532,-15.584425288865553,-15.584425288865553,-22.407191555208563,False,True,False,False,False,False,3.3116394088426766,3.3116394088426766,19
IEEE-57_v57_core_b4l10_000,IEEE-57,v57_core_b4l10,40,4,10,102,-25.71883096405124,-22.407191555208563,-25.71883096405123,-24.460294909991532,-15.584425288865553,-15.584425288865553,-22.407191555208563,False,True,False,False,False,False,3.3116394088426766,3.3116394088426766,19
IEEE-57_v57_core_b4l10_001,IEEE-57,v57_core_b4l10,40,4,10,101,-24.124578397949808,-23.241137012342683,-24.124578397949804,-24.124578397949804,-20.052520700954883,-20.052520700954883,-23.055369789069204,False,True,True,False,False,False,0.8834413856071244,1.0692086088806043,19
IEEE-57_v57_core_b4l10_001,IEEE-57,v57_core_b4l10,40,4,10,102,-24.124578397949808,-23.055369789069204,-24.124578397949804,-24.124578397949804,-20.052520700954883,-20.052520700954883,-23.055369789069204,False,True,True,False,False,False,1.0692086088806043,1.0692086088806043,19
IEEE-118_v118_core_b4l10_005,IEEE-118,v118_core_b4l10,40,4,10,101,-7.564074341215127,-6.196341847418207,-7.564074341214438,-7.2674847073743845,-2.3181037581849004,-7.564074341214438,-7.564074341214438,False,True,False,False,True,True,1.36773249379692,6.892264536872972e-13,19
IEEE-118_v118_core_b4l10_005,IEEE-118,v118_core_b4l10,40,4,10,102,-7.564074341215127,-6.196341847418207,-7.564074341214438,-7.2674847073743845,-2.3181037581849004,-7.564074341214438,-7.564074341214438,False,True,False,False,True,True,1.36773249379692,6.892264536872972e-13,19
IEEE-57_v57_core_b5l9_003,IEEE-57,v57_core_b5l9,45,5,9,101,-29.3172760507946,-26.114316327094436,-29.317276050794582,-27.597901258646797,-14.664656576421375,-22.237752988233176,-27.25958447865618,False,True,False,False,False,False,3.2029597237001646,2.0576915721384204,19
IEEE-57_v57_core_b5l9_003,IEEE-57,v57_core_b5l9,45,5,9,102,-29.3172760507946,-26.114316327094436,-29.317276050794582,-27.597901258646797,-14.664656576421375,-22.237752988233176,-27.25958447865618,False,True,False,False,False,False,3.2029597237001646,2.0576915721384204,19
IEEE-118_v118_core_b5l9_003,IEEE-118,v118_core_b5l9,45,5,9,101,-12.552686611575504,-11.405272992702645,-12.552686611575526,-12.552686611575526,-8.714780289856009,-11.405272992702645,-12.552686611575526,False,True,True,False,False,True,1.147413618872859,-2.1316282072803006e-14,19
IEEE-118_v118_core_b5l9_003,IEEE-118,v118_core_b5l9,45,5,9,102,-12.552686611575504,-11.702557314878373,-12.552686611575526,-12.552686611575526,-8.714780289856009,-11.405272992702645,-12.552686611575526,False,True,True,False,False,True,0.8501292966971317,-2.1316282072803006e-14,19
IEEE-57_v57_core_b4l10_002,IEEE-57,v57_core_b4l10,40,4,10,101,-25.71883096405124,-22.407191555208563,-25.71883096405123,-24.460294909991532,-15.584425288865553,-15.584425288865553,-25.101580996810505,False,True,False,False,False,False,3.3116394088426766,0.6172499672407348,19
IEEE-57_v57_core_b4l10_002,IEEE-57,v57_core_b4l10,40,4,10,102,-25.71883096405124,-22.407191555208563,-25.71883096405123,-24.460294909991532,-15.584425288865553,-15.584425288865553,-25.101580996810505,False,True,False,False,False,False,3.3116394088426766,0.6172499672407348,19
IEEE-30_v30_core_b5l9_009,IEEE-30,v30_core_b5l9,45,5,9,101,-11.222413584011,-8.217214362468054,-9.034416669037256,-11.222413584011004,13.49935392131863,-0.04966571589955393,-10.842681431157473,False,False,True,False,False,False,3.005199221542947,0.3797321528535278,19
IEEE-30_v30_core_b5l9_009,IEEE-30,v30_core_b5l9,45,5,9,102,-11.222413584011,-8.21721436246806,-9.034416669037256,-11.222413584011004,13.49935392131863,-0.04966571589955393,-10.842681431157473,False,False,True,False,False,False,3.0051992215429415,0.3797321528535278,19
IEEE-14_core_b4l10_000,IEEE-14,core_b4l10,40,4,10,101,-1.2482096159673952,4.055157396587731,-1.2482096159673992,-1.2482096159673992,16.317992271203956,16.317992271203956,-0.9734826359591753,False,True,True,False,False,False,5.303367012555126,0.27472698000821993,19
IEEE-14_core_b4l10_000,IEEE-14,core_b4l10,40,4,10,102,-1.2482096159673952,4.055157396587731,-1.2482096159673992,-1.2482096159673992,16.317992271203956,16.317992271203956,-0.9734826359591753,False,True,True,False,False,False,5.303367012555126,0.27472698000821993,19
IEEE-57_v57_core_b5l9_002,IEEE-57,v57_core_b5l9,45,5,9,101,-29.36817484116324,-27.025673115353136,-29.36817484116323,-27.64880004901544,-18.285943458962027,-24.59569635687241,-28.596685521791528,False,True,False,False,False,False,2.342501725810102,0.7714893193717103,19
IEEE-57_v57_core_b5l9_002,IEEE-57,v57_core_b5l9,45,5,9,102,-29.36817484116324,-28.596685521791528,-29.36817484116323,-27.64880004901544,-18.285943458962027,-24.59569635687241,-28.596685521791528,False,True,False,False,False,False,0.7714893193717103,0.7714893193717103,19
IEEE-30_v30_core_b5l9_005,IEEE-30,v30_core_b5l9,45,5,9,101,0.0,0.0,0.0,0.0,0.0,0.0,0.0,True,True,True,True,True,True,0.0,0.0,19
IEEE-30_v30_core_b5l9_005,IEEE-30,v30_core_b5l9,45,5,9,102,0.0,0.0,0.0,0.0,0.0,0.0,0.0,True,True,True,True,True,True,0.0,0.0,19
IEEE-30_v30_core_b5l9_000,IEEE-30,v30_core_b5l9,45,5,9,101,-9.274977316582069,-9.274977316582069,-9.274977316582069,-9.274977316582069,-9.274977316582069,-9.274977316582069,-9.274977316582069,True,True,True,True,True,True,0.0,0.0,19
IEEE-30_v30_core_b5l9_000,IEEE-30,v30_core_b5l9,45,5,9,102,-9.274977316582069,-9.274977316582069,-9.274977316582069,-9.274977316582069,-9.274977316582069,-9.274977316582069,-9.274977316582069,True,True,True,True,True,True,0.0,0.0,19
IEEE-14_core_b5l9_002,IEEE-14,core_b5l9,45,5,9,101,-33.2688007640227,-26.14287859563005,-33.2688007640227,-29.872927767185413,-23.565330790258127,-23.795202878423098,-33.2688007640227,False,True,False,False,False,True,7.125922168392648,0.0,19
IEEE-14_core_b5l9_002,IEEE-14,core_b5l9,45,5,9,102,-33.2688007640227,-24.889784344738104,-33.2688007640227,-29.872927767185413,-23.565330790258127,-23.795202878423098,-33.2688007640227,False,True,False,False,False,True,8.379016419284596,0.0,19
IEEE-30_v30_core_b5l9_007,IEEE-30,v30_core_b5l9,45,5,9,101,-8.617337181390432,-5.693827835482798,-8.61733718139044,-8.215370883165521,13.93168033420556,1.608094625822062,-5.693827835482802,False,True,False,False,False,False,2.9235093459076342,2.9235093459076307,19
IEEE-30_v30_core_b5l9_007,IEEE-30,v30_core_b5l9,45,5,9,102,-8.617337181390432,-5.482949843407281,-8.61733718139044,-8.215370883165521,13.93168033420556,1.608094625822062,-5.693827835482802,False,True,False,False,False,False,3.134387337983151,2.9235093459076307,19
IEEE-14_core_b5l9_005,IEEE-14,core_b5l9,45,5,9,101,-2.7862574241623568,15.037848560932193,-2.7862574241623657,-1.3578737426762086,69.92032300256687,38.5217833743889,5.098077175233967,False,True,False,False,False,False,17.82410598509455,7.884334599396324,19
IEEE-14_core_b5l9_005,IEEE-14,core_b5l9,45,5,9,102,-2.7862574241623568,13.83404474879398,-2.7862574241623657,-1.3578737426762086,69.92032300256687,38.5217833743889,5.098077175233967,False,True,False,False,False,False,16.620302172956336,7.884334599396324,19
IEEE-57_v57_core_b5l9_009,IEEE-57,v57_core_b5l9,45,5,9,101,-28.46603361684479,-25.358335362166542,-28.466033616844776,-27.110619305164644,-19.62540220388553,-24.65049364549855,-28.466033616844776,False,True,False,False,False,True,3.1076982546782475,1.4210854715202004e-14,19
IEEE-57_v57_core_b5l9_009,IEEE-57,v57_core_b5l9,45,5,9,102,-28.46603361684479,-28.466033616844776,-28.466033616844776,-27.110619305164644,-19.62540220388553,-24.65049364549855,-28.466033616844776,True,True,False,False,False,True,1.4210854715202004e-14,1.4210854715202004e-14,19
IEEE-30_v30_core_b5l9_006,IEEE-30,v30_core_b5l9,45,5,9,101,-9.274977316582069,-9.274977316582069,-9.274977316582069,-9.274977316582069,-9.274977316582069,-9.274977316582069,-9.274977316582069,True,True,True,True,True,True,0.0,0.0,19
IEEE-30_v30_core_b5l9_006,IEEE-30,v30_core_b5l9,45,5,9,102,-9.274977316582069,-9.274977316582069,-9.274977316582069,-9.274977316582069,-9.274977316582069,-9.274977316582069,-9.274977316582069,True,True,True,True,True,True,0.0,0.0,19
