grid,instance,seed,cost_weighted,cost_deterministic,levels_weighted,levels_deterministic,decision_changed,n_sites_weighted,n_sites_det,total_levels_weighted,total_levels_det,tail_cost_stochastic_decision,tail_cost_deterministic_decision,vss
IEEE-14,0,496495955,-8.259041648437318,-13.693373899953311,"[5, 0, 0, 0, 0]","[6, 0, 0, 0, 0]",True,1,1,5,6,-8.259041648437318,-8.126728998775693,0.1323126496616247
IEEE-14,1,1787878853,-7.496114981394989,-15.081798591291964,"[5, 0, 0, 0, 0]","[6, 0, 6, 0, 0]",True,1,2,5,12,-7.496114981394989,-5.301930470290945,2.1941845111040434
IEEE-14,2,4086926463,-8.715514374694362,-15.081798591291964,"[5, 0, 0, 0, 0]","[6, 0, 6, 0, 0]",True,1,2,5,12,-8.715514374694362,-7.521097262128563,1.194417112565798
IEEE-14,3,2224995561,-9.373801896923174,-13.693373899953311,"[5, 0, 0, 0, 0]","[6, 0, 0, 0, 0]",True,1,1,5,6,-9.373801896923174,-9.37360537850888,0.0001965184142935783
IEEE-14,4,452602186,-7.877692325352745,-15.615759905408492,"[5, 0, 0, 0, 0]","[6, 0, 5, 0, 0]",True,1,2,5,11,-7.877692325352745,-7.05348088245074,0.8242114429020058
IEEE-14,5,1845303772,-10.99517618582843,-38.16095809831626,"[6, 5, 0, 0, 0]","[7, 7, 0, 0, 0]",True,2,2,11,14,-10.99517618582843,-9.897298190576745,1.097877995251686
IEEE-14,6,4109650022,-8.617882980466277,-15.760152112086637,"[5, 0, 0, 0, 0]","[6, 0, 6, 0, 0]",True,1,2,5,12,-8.617882980466277,-7.481715473047923,1.136167507418354
IEEE-14,7,2213771504,-11.643330536929462,-38.778184337576654,"[6, 5, 0, 0, 0]","[8, 7, 0, 0, 0]",True,2,2,11,15,-11.643330536929462,-10.074711152317072,1.56861938461239
IEEE-14,8,323773793,-6.649473931513993,-14.636771147984575,"[5, 0, 0, 0, 0]","[6, 0, 5, 0, 0]",True,1,2,5,11,-6.649473931513993,-5.562429973133888,1.0870439583801046
IEEE-14,9,1682658807,-8.202619078751258,-11.253709114439864,"[5, 0, 0, 0, 0]","[0, 0, 5, 0, 4]",True,1,2,5,9,-8.202619078751258,-4.916564906130711,3.286054172620547
IEEE-30,0,3073100591,-3.1738478603604685,-11.222413584011,"[3, 0, 0, 0, 0]","[5, 5, 0, 0, 0]",True,1,2,3,10,-3.1738478603604685,-1.6857126560051183,1.4881352043553502
IEEE-30,1,3224173497,-4.497495181540508,-11.222413584011,"[4, 0, 0, 0, 0]","[5, 5, 0, 0, 0]",True,1,2,4,10,-4.497495181540508,-2.4551366944351107,2.042358487105397
IEEE-30,2,1495640579,-4.497495181540508,-11.222413584011,"[4, 0, 0, 0, 0]","[5, 5, 0, 0, 0]",True,1,2,4,10,-4.497495181540508,-2.4551366944351107,2.042358487105397
IEEE-30,3,774019733,-2.9758137374960505,-8.617337181390432,"[3, 0, 0, 0, 0]","[5, 5, 0, 0, 0]",True,1,2,3,10,-2.9758137374960505,-0.7310595588499944,2.244754178646056
IEEE-30,4,2957381430,-1.8925211528681647,0.0,"[3, 0, 0, 0, 0]","[0, 0, 0, 0, 0]",True,1,0,3,0,-1.8925211528681647,0.0,1.8925211528681647
IEEE-30,5,3342942112,-6.75272041968814,-11.222413584011,"[5, 0, 0, 0, 0]","[5, 5, 0, 0, 0]",True,1,2,5,10,-6.75272041968814,-0.2814473478879975,6.471273071800143
IEEE-30,6,1581805082,-3.1738478603604685,-11.222413584011,"[3, 0, 0, 0, 0]","[5, 5, 0, 0, 0]",True,1,2,3,10,-3.1738478603604685,-1.2990978628476437,1.8747499975128248
IEEE-30,7,693067404,-4.497495181540508,-11.222413584011,"[4, 0, 0, 0, 0]","[5, 5, 0, 0, 0]",True,1,2,4,10,-4.497495181540508,0.34547520058135817,4.842970382121866
IEEE-30,8,3119530781,-4.497495181540508,-11.222413584011,"[4, 0, 0, 0, 0]","[5, 5, 0, 0, 0]",True,1,2,4,10,-4.497495181540508,-3.404532191886762,1.0929629896537456
IEEE-30,9,3472323467,-4.497495181540508,-11.222413584011,"[4, 0, 0, 0, 0]","[5, 5, 0, 0, 0]",True,1,2,4,10,-4.497495181540508,-2.4551366944351107,2.042358487105397
IEEE-57,0,3472145340,-78.35861555917157,-29.36817484116324,"[8, 4, 4, 0, 0]","[9, 5, 0, 0, 0]",True,3,2,16,14,-78.35861555917157,-74.07455652035831,4.284059038813254
IEEE-57,1,3119745834,-30.980866603745746,-28.97347099982975,"[8, 4, 0, 0, 0]","[8, 4, 0, 0, 0]",False,2,2,12,12,-30.980866603745746,-30.980866603745746,0.0
IEEE-57,2,553310864,-43.958755882864935,-29.317276050794597,"[8, 5, 0, 0, 0]","[8, 5, 0, 0, 0]",False,2,2,13,13,-43.958755882864935,-43.958755882864935,0.0
IEEE-57,3,1476258310,-20.253345216747203,-25.84186273078151,"[5, 4, 0, 0, 0]","[5, 4, 0, 0, 0]",False,2,2,9,9,-20.253345216747203,-20.253345216747203,0.0
IEEE-57,4,3382280101,-59.51381988474594,-27.79089013664771,"[6, 5, 0, 0, 0]","[6, 5, 0, 0, 0]",False,2,2,11,11,-59.51381988474594,-59.51381988474594,0.0
IEEE-57,5,3198046003,-64.50323722102684,-27.58373303151707,"[7, 3, 0, 0, 0]","[7, 3, 0, 0, 0]",False,2,2,10,10,-64.50323722102684,-64.50323722102684,0.0
IEEE-57,6,664215177,-67.35903677723982,-28.46603361684479,"[6, 3, 3, 0, 0]","[7, 4, 0, 0, 0]",True,3,2,12,11,-67.35903677723982,-67.33522321866543,0.02381355857438905
IEEE-57,7,1351626271,-29.102808092060044,-26.56478450035515,"[6, 3, 0, 0, 0]","[6, 3, 0, 0, 0]",False,2,2,9,9,-29.102808092060044,-29.102808092060044,0.0
IEEE-57,8,3224318862,-42.702679400727554,-28.809838667809636,"[7, 5, 0, 0, 0]","[7, 5, 0, 0, 0]",False,2,2,12,12,-42.702679400727554,-42.702679400727554,0.0
IEEE-57,9,3072852760,-32.59651763991924,-29.36817484116324,"[9, 5, 0, 0, 0]","[9, 5, 0, 0, 0]",False,2,2,14,14,-32.59651763991924,-32.59651763991924,0.0
IEEE-118,0,257275422,-13.912566431151724,-20.98980884763032,"[4, 3, 0, 0, 4]","[5, 3, 0, 0, 3]",True,3,3,11,11,-13.912566431151724,-13.67230638586856,0.2402600452831649
IEEE-118,1,2018674312,-13.887959212845661,-18.564769991013158,"[4, 4, 0, 0, 4]","[3, 4, 0, 0, 5]",True,3,3,12,12,-13.887959212845661,-13.380836638308844,0.5071225745368171
IEEE-118,2,3780892466,-13.76088084818654,-15.894990169495612,"[4, 0, 0, 3, 3]","[3, 3, 0, 0, 4]",True,3,3,10,10,-13.76088084818654,-13.459837989407198,0.30104285877934167
IEEE-118,3,2522671012,-11.84126504975742,-12.420683495408136,"[4, 4, 0, 0, 4]","[0, 5, 0, 5, 4]",True,3,3,12,14,-11.84126504975742,-5.448023793633123,6.393241256124297
IEEE-118,4,137916935,-13.681602102962191,-22.015234389297213,"[5, 4, 0, 0, 4]","[5, 4, 0, 0, 4]",False,3,3,13,13,-13.681602102962191,-13.681602102962191,0.0
IEEE-118,5,2134852241,-12.619045156717126,-13.012151008879869,"[5, 4, 0, 0, 4]","[4, 0, 0, 4, 5]",True,3,3,13,13,-12.619045156717126,-12.293725350715533,0.32531980600159294
IEEE-118,6,3862303531,-15.607802106219356,-20.982014876954413,"[4, 0, 0, 3, 4]","[5, 3, 0, 0, 3]",True,3,3,11,11,-15.607802106219356,-15.4446628162874,0.1631392899319568
IEEE-118,7,2435916733,-15.04700133053476,-22.40637416755315,"[5, 0, 0, 4, 4]","[6, 4, 0, 0, 4]",True,3,3,13,14,-15.04700133053476,-14.662551315975408,0.3844500145593521
IEEE-118,8,26099244,-13.30991115408531,-23.718612428780922,"[5, 4, 0, 0, 4]","[6, 4, 5, 0, 3]",True,3,4,13,18,-13.30991115408531,-12.602997778915503,0.7069133751698065
IEEE-118,9,1988693690,-14.317852015086405,-26.261692052860468,"[5, 4, 0, 0, 4]","[5, 4, 5, 0, 5]",True,3,4,13,19,-14.317852015086405,-13.276134148333009,1.0417178667533964
