instance_id,grid,ai_load_mw,ai_bus,base_feasible,m,total_load_mw,siting_cost,sited_buses,n_sites,total_sited_mw,eue_no_storage,eue_with_storage,eue_reduction_mw,eue_reduction_pct,secure_frac_no_storage,secure_frac_with_storage,n_secure_no,n_secure_with,n_outages,max_unserved_no,max_unserved_with,congestion_cost_no,congestion_cost_with,congestion_saving,n_islanding
IEEE-118_v118_core_b4l10_000,IEEE-118,0.0,106,True,40,4100.3711111793245,-16.303062801672755,"{106: 150.0, 75: 100.0}",2,250.0,1.5266047960983884,1.5266047960983884,0.0,0.0,0.946236559139785,0.946236559139785,176,176,186,171.2233426824924,171.2233426824924,115.88892414877772,104.95528453005682,10.933639618720916,9
IEEE-118_v118_core_b4l10_000,IEEE-118,50.0,106,True,40,4150.3711111793245,-16.303062801672755,"{106: 150.0, 75: 100.0}",2,250.0,1.6334503074084314,1.5266047960983884,0.106845511310043,6.541093464885379,0.9408602150537636,0.946236559139785,175,176,186,171.2233426824924,171.2233426824924,110.740969245031,103.55737450002924,7.183594745001756,9
IEEE-118_v118_core_b4l10_000,IEEE-118,100.0,106,True,40,4200.3711111793245,-22.164713330313205,"{106: 100.0, 75: 75.0, 107: 100.0}",3,275.0,1.9022675117095065,1.5266047960983884,0.3756627156111181,19.748153889960623,0.9408602150537636,0.946236559139785,175,176,186,171.2233426824924,171.2233426824924,94.56647910689937,96.1246698167888,-1.558190709889459,9
IEEE-118_v118_core_b4l10_000,IEEE-118,200.0,106,False,40,4300.3711111793245,-16.628762597843366,"{106: 150.0, 75: 100.0}",2,250.0,27.88809753945141,1.633450307408431,26.25464723204298,94.1428406685049,0.0,0.9408602150537636,0,175,186,171.2233426824924,171.2233426824924,39.77745356924424,104.18555504549296,-64.4081014762487,9
IEEE-118_v118_core_b4l10_000,IEEE-118,350.0,106,False,40,4450.371111179324,-16.628762597843366,"{106: 150.0, 75: 100.0}",2,250.0,170.63003302332237,27.888097539451405,142.74193548387098,83.65580956334954,0.0,0.0,0,0,186,319.8732651036679,171.2233426824924,39.77745356922969,29.840695085164043,9.936758484065647,9
IEEE-118_v118_core_b4l10_000,IEEE-118,500.0,106,False,40,4600.371111179324,-16.628762597843366,"{106: 150.0, 75: 100.0}",2,250.0,313.37196850719334,170.63003302332237,142.74193548387098,45.55032033140973,0.0,0.0,0,0,186,469.873265103668,319.8732651036679,39.7774535692588,29.84069508546964,9.936758483789164,9
IEEE-118_v118_core_b4l10_001,IEEE-118,0.0,106,True,40,4118.700563478249,-16.58326897272979,"{106: 125.0, 75: 100.0, 107: 125.0}",3,350.0,1.4059772598385758,1.405977259838577,-8.881784197001252e-16,-6.317160633181929e-14,0.9408602150537636,0.9408602150537636,175,175,186,138.63201221040666,138.63201221040666,112.92598566925152,102.36961761023848,10.55636805901304,9
IEEE-118_v118_core_b4l10_001,IEEE-118,50.0,106,True,40,4168.700563478249,-16.58326897272979,"{106: 125.0, 75: 100.0, 107: 125.0}",3,350.0,1.512143494929172,1.405977259838577,0.1061662350905954,7.020910082053303,0.935483870967742,0.9408602150537636,174,175,186,138.63201221040666,138.63201221040666,105.9699714898452,101.91239909762952,4.057572392215661,9
IEEE-118_v118_core_b4l10_001,IEEE-118,100.0,106,True,40,4218.700563478249,-24.46245879404946,"{106: 150.0, 75: 75.0, 107: 125.0}",3,350.0,1.7809606992302478,1.405977259838575,0.3749834393916729,21.055121516928768,0.935483870967742,0.9408602150537636,174,175,186,138.63201221040666,138.63201221040666,90.6694597522146,110.4479514421546,-19.778491689939983,9
IEEE-118_v118_core_b4l10_001,IEEE-118,200.0,106,False,40,4318.700563478249,-17.826033855177307,"{106: 125.0, 75: 100.0, 107: 125.0}",3,350.0,24.975089042917315,1.6465520970797107,23.328536945837605,93.4072223156031,0.0,0.935483870967742,0,174,186,169.74691972685102,138.63201221040666,33.90570202333038,101.2445648351786,-67.33886281184823,9
IEEE-118_v118_core_b4l10_001,IEEE-118,350.0,106,False,40,4468.70056347825,-17.826033855177307,"{106: 125.0, 75: 100.0, 107: 125.0}",3,350.0,167.7170245267883,48.76541162356251,118.9516129032258,70.92399429267627,0.0,0.0,0,0,186,319.74691972685105,194.74691972685105,33.90570202333038,29.790811858867528,4.1148901644628495,9
IEEE-118_v118_core_b4l10_001,IEEE-118,500.0,106,False,40,4618.70056347825,-17.826033855177307,"{106: 125.0, 75: 100.0, 107: 125.0}",3,350.0,310.4589600106592,191.50734710743345,118.9516129032258,38.31476240825575,0.0,0.0,0,0,186,469.7469197268511,344.74691972685105,33.90570202334493,29.790811858852976,4.114890164491953,9
IEEE-118_v118_core_b4l10_002,IEEE-118,0.0,106,True,40,4246.168613424401,-16.72706110474715,"{106: 150.0, 75: 100.0}",2,250.0,1.9042838978381604,1.90428389783816,4.440892098500626e-16,2.3320535890379327e-14,0.9408602150537636,0.9408602150537636,175,175,186,220.3830344265178,220.3830344265178,120.93287012616928,106.82975578305924,14.103114343110065,9
IEEE-118_v118_core_b4l10_002,IEEE-118,50.0,106,True,40,4296.168613424401,-16.72706110474715,"{106: 150.0, 75: 100.0}",2,250.0,1.9784278567959903,1.90428389783816,0.0741439589578303,3.747620046045269,0.935483870967742,0.9408602150537636,174,175,186,220.3830344265178,220.3830344265178,118.10620205492889,105.58207066496834,12.52413138996053,9
IEEE-118_v118_core_b4l10_002,IEEE-118,100.0,106,True,40,4346.1686134244,-22.38299563872669,"{106: 100.0, 75: 75.0, 107: 100.0}",3,275.0,2.2472450610970656,1.90428389783816,0.3429611632589053,15.261404694843462,0.935483870967742,0.9408602150537636,174,175,186,220.3830344265178,220.3830344265178,100.70212964215898,107.28989678580548,-6.587767143646488,9
IEEE-118_v118_core_b4l10_002,IEEE-118,200.0,106,False,40,4446.168613424401,-16.628762597843366,"{106: 150.0, 75: 100.0}",2,250.0,21.20591168125545,1.9784278567959896,19.227483824459465,90.67039471571135,0.0,0.935483870967742,0,174,186,220.3830344265178,220.3830344265178,41.22306494573422,106.99185330873296,-65.76878836299875,9
IEEE-118_v118_core_b4l10_002,IEEE-118,350.0,106,False,40,4596.168613424401,-16.628762597843366,"{106: 150.0, 75: 100.0}",2,250.0,163.9478471651264,21.20591168125545,142.74193548387095,87.06545279615834,0.0,0.0,0,0,186,313.7907763661564,220.3830344265178,41.22306494573422,31.21899625538208,10.004068690352142,9
IEEE-118_v118_core_b4l10_002,IEEE-118,500.0,106,False,40,4746.168613424401,-16.628762597843366,"{106: 150.0, 75: 100.0}",2,250.0,306.6897826489973,163.94784716512635,142.74193548387098,46.54277499920412,0.0,0.0,0,0,186,463.7907763661564,313.7907763661564,41.22306494573422,31.21899625538208,10.004068690352142,9
IEEE-118_v118_core_b4l10_003,IEEE-118,0.0,106,True,40,4377.690293867479,-16.4956876066991,"{106: 125.0, 75: 100.0, 107: 125.0}",3,350.0,1.8634629421423392,1.8634629421423392,0.0,0.0,0.9408602150537636,0.9408602150537636,175,175,186,183.3062765305841,183.3062765305841,118.53122197675113,124.7950457250554,-6.263823748304276,9
IEEE-118_v118_core_b4l10_003,IEEE-118,50.0,106,True,40,4427.690293867479,-16.4956876066991,"{106: 125.0, 75: 100.0, 107: 125.0}",3,350.0,1.949580396172448,1.8634629421423392,0.0861174540301088,4.417230199851241,0.935483870967742,0.9408602150537636,174,175,186,183.3062765305841,183.3062765305841,112.98021332400094,124.19722646081937,-11.217013136818425,9
IEEE-118_v118_core_b4l10_003,IEEE-118,100.0,106,True,40,4477.690293867479,-24.384416760137505,"{106: 150.0, 75: 75.0, 107: 125.0}",3,350.0,2.218397600473524,1.8634629421423392,0.3549346583311841,15.99959620653314,0.935483870967742,0.9408602150537636,174,175,186,183.3062765305841,183.3062765305841,98.57905531660072,131.53233818491572,-32.953282868315,9
IEEE-118_v118_core_b4l10_003,IEEE-118,200.0,106,False,40,4577.690293867481,-17.826033855177307,"{106: 125.0, 75: 100.0, 107: 125.0}",3,350.0,21.88394047751473,2.083988998322986,19.799951479191744,90.47708523762329,0.0,0.935483870967742,0,174,186,183.3062765305841,183.3062765305841,35.78973244634108,124.91176415268274,-89.12203170634166,9
IEEE-118_v118_core_b4l10_003,IEEE-118,350.0,106,False,40,4727.690293867481,-17.826033855177307,"{106: 125.0, 75: 100.0, 107: 125.0}",3,350.0,164.6258759613857,45.67426305815992,118.9516129032258,72.25572055946225,0.0,0.0,0,0,186,316.0178464496003,191.01784644960028,35.78973244634108,40.773781226816936,-4.98404878047586,9
IEEE-118_v118_core_b4l10_003,IEEE-118,500.0,106,False,40,4877.690293867479,-17.826033855177307,"{106: 125.0, 75: 100.0, 107: 125.0}",3,350.0,307.36781144525673,188.4161985420309,118.95161290322582,38.70008780161793,0.0,0.0,0,0,186,466.0178464496003,341.01784644960026,35.78973244634108,40.773781226802384,-4.984048780461308,9
IEEE-118_v118_core_b4l10_004,IEEE-118,0.0,106,True,40,4324.853337911458,-9.447001941327134,"{106: 100.0, 75: 125.0, 118: 100.0}",3,325.0,1.5855797657319228,1.585579765731923,-2.220446049250313e-16,-1.4004000916505948e-14,0.9408602150537636,0.9408602150537636,175,175,186,162.4683896014595,162.4683896014595,124.6509141708375,93.49052474733617,31.16038942350133,9
IEEE-118_v118_core_b4l10_004,IEEE-118,50.0,106,True,40,4374.853337911458,-17.323247007825643,"{106: 125.0, 75: 100.0, 107: 100.0}",3,325.0,1.6152807560905094,1.585579765731923,0.0297009903585863,1.838750956859791,0.935483870967742,0.9408602150537636,174,175,186,162.4683896014595,162.4683896014595,124.59025282473884,115.8593215857254,8.730931239013444,9
IEEE-118_v118_core_b4l10_004,IEEE-118,100.0,106,True,40,4424.853337911458,-24.115604255573064,"{106: 125.0, 75: 75.0, 107: 125.0}",3,325.0,1.884097960391584,1.585579765731923,0.2985181946596611,15.84409096210784,0.935483870967742,0.9408602150537636,174,175,186,162.4683896014595,162.4683896014595,111.0067808796739,125.39524673890264,-14.388465859228743,9
IEEE-118_v118_core_b4l10_004,IEEE-118,200.0,106,False,40,4524.853337911458,-17.529647560162104,"{106: 125.0, 75: 100.0, 107: 100.0}",3,325.0,11.620343231244815,1.7496893582410469,9.87065387300377,84.94287713002765,0.0,0.935483870967742,0,174,186,162.4683896014595,162.4683896014595,44.0042823166732,115.14286523607734,-71.13858291940414,9
IEEE-118_v118_core_b4l10_004,IEEE-118,350.0,106,False,40,4674.853337911458,-17.529647560162104,"{106: 125.0, 75: 100.0, 107: 100.0}",3,325.0,154.36227871511582,35.410665811890006,118.95161290322582,77.06002651253785,0.0,0.0,0,0,186,305.5243842066971,180.5243842066971,44.004282316658646,38.20811847086589,5.796163845792762,9
IEEE-118_v118_core_b4l10_004,IEEE-118,500.0,106,False,40,4824.853337911458,-17.529647560162104,"{106: 125.0, 75: 100.0, 107: 100.0}",3,325.0,297.1042141989868,178.15260129576097,118.9516129032258,40.03699955045318,0.0,0.0,0,0,186,455.5243842066972,330.52438420669705,44.004282316658646,38.20811847085133,5.796163845807314,9
IEEE-118_v118_core_b4l10_005,IEEE-118,0.0,106,True,40,4356.178941539066,-6.314975771785455,"{75: 125.0, 107: 50.0}",2,175.0,1.5484474494881098,1.5484474494881098,0.0,0.0,0.9408602150537636,0.9408602150537636,175,175,186,184.38467613974328,184.38467613974328,123.42611555216718,107.6639642007649,15.76215135140228,9
IEEE-118_v118_core_b4l10_005,IEEE-118,50.0,106,True,40,4406.178941539066,-17.20650166426912,"{106: 150.0, 75: 125.0, 107: 125.0}",3,400.0,1.601334222185386,1.5484474494881095,0.0528867726972763,3.302669234477504,0.935483870967742,0.9408602150537636,174,175,186,184.38467613974328,184.38467613974328,129.69047007463814,112.1862045368689,17.504265537769243,9
IEEE-118_v118_core_b4l10_005,IEEE-118,100.0,106,True,40,4456.178941539067,-24.86096495485048,"{106: 150.0, 75: 100.0, 107: 150.0}",3,400.0,1.8701514264864607,1.5484474494881095,0.3217039769983516,17.20202826584752,0.935483870967742,0.9408602150537636,174,175,186,184.38467613974328,184.38467613974328,115.62662219419144,109.25933942857228,6.367282765619166,9
IEEE-118_v118_core_b4l10_005,IEEE-118,200.0,106,False,40,4556.178941539067,-18.129802705061408,"{106: 150.0, 75: 125.0, 107: 125.0}",3,400.0,15.687094388949117,1.601334222185386,14.08576016676373,89.79202787666365,0.0,0.935483870967742,0,174,186,184.38467613974328,184.38467613974328,54.381325237307465,112.65194951588636,-58.27062427857891,9
IEEE-118_v118_core_b4l10_005,IEEE-118,350.0,106,False,40,4706.178941539067,-18.129802705061408,"{106: 150.0, 75: 125.0, 107: 125.0}",3,400.0,158.42902987282008,15.687094388949117,142.74193548387098,90.09834599028852,0.0,0.0,0,0,186,309.8369397216935,184.38467613974328,54.38132523732202,38.0481693163747,16.33315592094732,9
IEEE-118_v118_core_b4l10_005,IEEE-118,500.0,106,False,40,4856.178941539066,-18.129802705061408,"{106: 150.0, 75: 125.0, 107: 125.0}",3,400.0,301.170965356691,158.42902987282002,142.74193548387098,47.39564961543188,0.0,0.0,0,0,186,459.8369397216934,309.83693972169334,54.381325237307465,38.04816931631649,16.333155920990976,9
IEEE-118_v118_core_b4l10_006,IEEE-118,0.0,106,True,40,4357.379043919073,-7.706053636582741,"{106: 100.0, 75: 125.0}",2,225.0,1.4936439979057443,1.4936439979057443,0.0,0.0,0.9408602150537636,0.9408602150537636,175,175,186,152.55318313873627,152.55318313873627,123.13800522209203,125.27289910665422,-2.1348938845621888,9
IEEE-118_v118_core_b4l10_006,IEEE-118,50.0,106,True,40,4407.379043919073,-16.539396612140674,"{106: 150.0, 75: 100.0, 107: 125.0}",3,375.0,1.5057793461996212,1.4936439979057443,0.0121353482938768,0.8059180997869839,0.935483870967742,0.9408602150537636,174,175,186,152.55318313873627,152.55318313873627,127.33282933858573,133.93225077650277,-6.599421437917044,9
IEEE-118_v118_core_b4l10_006,IEEE-118,100.0,106,True,40,4457.379043919073,-24.82408052352107,"{106: 150.0, 75: 100.0, 107: 125.0}",3,375.0,1.7745965505006964,1.4936439979057443,0.2809525525949521,15.831911344338089,0.935483870967742,0.9408602150537636,174,175,186,152.55318313873627,152.55318313873627,114.72303116632976,133.56053825007984,-18.837507083750097,9
IEEE-118_v118_core_b4l10_006,IEEE-118,200.0,106,False,40,4557.379043919073,-18.009311892618015,"{106: 150.0, 75: 100.0, 107: 125.0}",3,375.0,8.419288817964997,1.5057793461996205,6.913509471765376,82.11512422537871,0.0,0.935483870967742,0,174,186,152.55318313873627,152.55318313873627,50.84207586097182,140.0822576929786,-89.24018183200678,9
IEEE-118_v118_core_b4l10_006,IEEE-118,350.0,106,False,40,4707.379043919073,-18.009311892618015,"{106: 150.0, 75: 100.0, 107: 125.0}",3,375.0,151.16122430183597,8.419288817965024,142.74193548387095,94.43025891272649,0.0,0.0,0,0,186,302.2571747826611,152.55318313873627,50.84207586092816,47.67398522001167,3.168090640916489,9
IEEE-118_v118_core_b4l10_006,IEEE-118,500.0,106,False,40,4857.379043919073,-18.009311892618015,"{106: 150.0, 75: 100.0, 107: 125.0}",3,375.0,293.90315978570686,151.16122430183594,142.74193548387092,48.56767636930073,0.0,0.0,0,0,186,452.257174782661,302.257174782661,50.84207586095727,47.67398522004078,3.168090640916489,9
IEEE-118_v118_core_b4l10_007,IEEE-118,0.0,106,True,40,4174.978625498782,-8.231897035880378,"{106: 100.0, 75: 100.0}",2,200.0,1.4625067415858095,1.4625067415858095,0.0,0.0,0.946236559139785,0.946236559139785,176,176,186,155.095154911856,155.095154911856,105.95455530006438,122.46375979265576,-16.50920449259138,9
IEEE-118_v118_core_b4l10_007,IEEE-118,50.0,106,True,40,4224.978625498782,-16.73004582614688,"{106: 125.0, 75: 100.0, 107: 125.0}",3,350.0,1.4790823374622817,1.4625067415858095,0.0165755958764717,1.1206675555947152,0.9408602150537636,0.946236559139785,175,176,186,155.095154911856,155.095154911856,111.34785893079244,125.72682718960276,-14.378968258810346,9
IEEE-118_v118_core_b4l10_007,IEEE-118,100.0,106,True,40,4274.978625498782,-24.580663095351287,"{106: 150.0, 75: 75.0, 107: 125.0}",3,350.0,1.7478995417633567,1.4625067415858095,0.285392800177547,16.327757594674484,0.9408602150537636,0.946236559139785,175,176,186,155.095154911856,155.095154911856,99.40008484653664,127.22911099158227,-27.82902614504565,9
IEEE-118_v118_core_b4l10_007,IEEE-118,200.0,106,False,40,4374.978625498782,-17.826033855177307,"{106: 125.0, 75: 100.0, 107: 125.0}",3,350.0,9.174075383764404,1.6134909396128188,7.560584444151587,82.41249529660226,0.0,0.9408602150537636,0,175,186,155.095154911856,155.095154911856,32.746742637231364,125.3786777834539,-92.63193514622252,9
IEEE-118_v118_core_b4l10_007,IEEE-118,350.0,106,False,40,4524.978625498782,-17.826033855177307,"{106: 125.0, 75: 100.0, 107: 125.0}",3,350.0,151.91601086763538,32.964397964409564,118.95161290322582,78.30090602291322,0.0,0.0,0,0,186,303.0830608330237,178.08306083302375,32.74674263721681,47.15985909180017,-14.41311645458336,9
IEEE-118_v118_core_b4l10_007,IEEE-118,500.0,106,False,40,4674.978625498782,-17.826033855177307,"{106: 125.0, 75: 100.0, 107: 125.0}",3,350.0,294.6579463515063,175.7063334482806,118.95161290322574,40.369389108999215,0.0,0.0,0,0,186,453.0830608330238,328.0830608330237,32.74674263721681,47.15985909178562,-14.413116454568808,9
IEEE-118_v118_core_b4l10_008,IEEE-118,0.0,106,True,40,4244.332555980238,-7.2188036896407555,"{106: 100.0, 118: 75.0}",2,175.0,1.7038951830207296,1.7038951830207296,0.0,0.0,0.946236559139785,0.946236559139785,176,176,186,182.69560395552483,182.69560395552483,121.65351670299424,117.71396275977168,3.9395539432225632,9
IEEE-118_v118_core_b4l10_008,IEEE-118,50.0,106,True,40,4294.332555980238,-16.41708833518087,"{106: 150.0, 75: 125.0}",2,275.0,1.7760533532466127,1.7038951830207296,0.0721581702258831,4.062837982540248,0.9408602150537636,0.946236559139785,175,176,186,182.69560395552483,182.69560395552483,117.79081451953972,103.986141899637,13.804672619902703,9
IEEE-118_v118_core_b4l10_008,IEEE-118,100.0,106,True,40,4344.332555980238,-23.16174763392973,"{106: 125.0, 75: 75.0, 107: 100.0}",3,300.0,2.044870557547688,1.7038951830207296,0.3409753745269583,16.67466790347225,0.9408602150537636,0.946236559139785,175,176,186,182.69560395552483,182.69560395552483,103.48823530496156,118.63285624558192,-15.14462094062037,9
IEEE-118_v118_core_b4l10_008,IEEE-118,200.0,106,False,40,4444.332555980239,-16.905921356280274,"{106: 125.0, 75: 75.0, 107: 100.0}",3,300.0,19.25357948504512,1.9104619553971505,17.34311752964797,90.07736739611944,0.0,0.9408602150537636,0,175,186,182.69560395552483,182.69560395552483,41.560808456808445,119.39013820786204,-77.82932975105359,9
IEEE-118_v118_core_b4l10_008,IEEE-118,350.0,106,False,40,4594.332555980239,-16.905921356280274,"{106: 125.0, 75: 75.0, 107: 100.0}",3,300.0,161.99551496891607,43.043902065690254,118.95161290322582,73.42895445349238,0.0,0.0,0,0,186,313.4214196620142,188.42141966201424,41.560808456823,48.44537312480679,-6.884564667983796,9
IEEE-118_v118_core_b4l10_008,IEEE-118,500.0,106,False,40,4744.332555980239,-16.905921356280274,"{106: 125.0, 75: 75.0, 107: 100.0}",3,300.0,304.7374504527871,185.78583754956125,118.95161290322582,39.03413010986484,0.0,0.0,0,0,186,463.4214196620143,338.4214196620142,41.560808456808445,48.44537312480679,-6.884564667998347,9
IEEE-118_v118_core_b4l10_009,IEEE-118,0.0,106,True,40,4221.538574805057,-16.581638780949344,"{106: 150.0, 75: 125.0, 107: 125.0}",3,400.0,1.6752100506208776,1.6752100506208785,-8.881784197001252e-16,-5.3018928543972304e-14,0.9301075268817204,0.9301075268817204,173,173,186,151.9179037070257,151.9179037070257,104.27724132609728,119.57820921398525,-15.300967887887964,9
IEEE-118_v118_core_b4l10_009,IEEE-118,50.0,106,True,40,4271.538574805057,-16.581638780949344,"{106: 150.0, 75: 125.0, 107: 125.0}",3,400.0,1.7150753464963444,1.6752100506208778,0.0398652958754666,2.32440492815116,0.9247311827956988,0.9301075268817204,172,173,186,151.9179037070257,151.9179037070257,105.860164530779,113.84497161678884,-7.984807086009823,9
IEEE-118_v118_core_b4l10_009,IEEE-118,100.0,106,True,40,4321.538574805057,-25.20276055830289,"{106: 175.0, 75: 100.0, 107: 150.0}",3,425.0,1.9838925507974192,1.6752100506208785,0.3086825001765407,15.559436424743208,0.9247311827956988,0.9301075268817204,172,173,186,151.9179037070257,151.9179037070257,88.26664464552596,111.26458682507656,-22.99794217955059,9
IEEE-118_v118_core_b4l10_009,IEEE-118,200.0,106,False,40,4421.538574805056,-18.129802705061408,"{106: 150.0, 75: 125.0, 107: 125.0}",3,400.0,17.088813073548252,1.7150753464963449,15.373737727051909,89.96375383641414,0.0,0.9247311827956988,0,172,186,157.41494503283695,151.9179037070257,27.93771173102141,113.96938545659214,-86.03167372557073,9
IEEE-118_v118_core_b4l10_009,IEEE-118,350.0,106,False,40,4571.538574805056,-18.129802705061408,"{106: 150.0, 75: 125.0, 107: 125.0}",3,400.0,159.8307485574192,13.509055592621715,146.3216929647975,91.5478994407834,0.0,0.0,0,0,186,307.4149450328369,157.41494503283693,27.93771173102141,33.66204099472088,-5.724329263699474,9
IEEE-118_v118_core_b4l10_009,IEEE-118,500.0,106,False,40,4721.538574805057,-18.129802705061408,"{106: 150.0, 75: 125.0, 107: 125.0}",3,400.0,302.57268404129024,156.25099107649274,146.3216929647975,48.35918795129236,0.0,0.0,0,0,186,457.414945032837,307.4149450328369,27.93771173102141,33.66204099472088,-5.724329263699474,9
IEEE-57_v57_core_b4l10_000,IEEE-57,0.0,16,True,40,1397.4937828275677,-24.46029490999153,"{16: 175.0, 10: 100.0}",2,275.0,0.1403379039021261,0.1168683688380475,0.0234695350640785,16.72358957309678,0.95,0.9625,76,77,80,4.685637763540528,4.685637763540528,179.08526231077485,128.82177912957195,50.2634831812029,1
IEEE-57_v57_core_b4l10_000,IEEE-57,50.0,16,True,40,1447.4937828275677,-190.5000268200501,"{16: 150.0, 12: 75.0, 10: 75.0}",3,300.0,0.688330124604079,0.1167755204496176,0.5715546041544614,83.03495426460002,0.925,0.9625,74,77,80,22.17222246410308,4.685637763540524,94.320449527866,117.14073251412265,-22.820282986256643,1
IEEE-57_v57_core_b4l10_000,IEEE-57,100.0,16,False,40,1497.4937828275677,-24.46029490999153,"{16: 175.0, 10: 100.0}",2,275.0,4.381415612511552,0.1168683688380474,4.264547243673505,97.3326344913658,0.175,0.9625,14,77,80,72.17222246410311,4.68563776354052,-435.5872791359871,149.54839760822142,-585.1356767442085,1
IEEE-57_v57_core_b4l10_000,IEEE-57,200.0,16,False,40,1597.493782827568,-24.46029490999153,"{16: 175.0, 10: 100.0}",2,275.0,101.93627176023648,0.1361276617279664,101.8001440985085,99.86645807289464,0.0,0.9625,0,77,80,172.1722224641032,4.685637763540513,-237.1241591948492,83.14195182354888,-320.2661110183981,1
IEEE-57_v57_core_b4l10_000,IEEE-57,350.0,16,False,40,1747.4937828275677,-24.46029490999153,"{16: 175.0, 10: 100.0}",2,275.0,250.06127176023648,34.536107648703016,215.52516411153343,86.18894185189264,0.0,0.0125,0,1,80,322.1722224641028,146.19802632845125,-237.1241591948456,-333.7815621603186,96.657402965473,1
IEEE-57_v57_core_b4l10_000,IEEE-57,500.0,16,False,40,1897.493782827568,-24.46029490999153,"{16: 175.0, 10: 100.0}",2,275.0,398.1862717602364,182.57781571152927,215.60845604870715,54.14763675693306,0.0,0.0,0,0,80,472.1722224641029,296.19802632845125,-237.12415919484192,-327.23982748673734,90.11566829189542,1
IEEE-57_v57_core_b4l10_001,IEEE-57,0.0,16,True,40,1271.2933153036267,-24.124578397949804,"{16: 150.0, 12: 75.0}",2,225.0,0.1347718206424884,0.1560088496975681,-0.0212370290550796,-15.75776668582338,0.95,0.9375,76,75,80,5.515203957908309,5.515203957908309,59.97073759740306,112.84824666143504,-52.87750906403198,1
IEEE-57_v57_core_b4l10_001,IEEE-57,50.0,16,True,40,1321.2933153036267,-24.124578397949804,"{16: 150.0, 12: 75.0}",2,225.0,0.3202991999822727,0.1564959811878439,0.1638032187944287,51.14068933156705,0.9125,0.9375,73,75,80,13.389147694641338,5.515203957908309,81.3393470160081,109.85804943611038,-28.518702420102272,1
IEEE-57_v57_core_b4l10_001,IEEE-57,100.0,16,True,40,1371.2933153036267,-169.49094513733743,"{16: 125.0, 12: 75.0, 10: 50.0}",3,250.0,1.1114321861722678,0.1369101966571964,0.9745219895150712,87.68164190667267,0.9,0.95,72,76,80,63.38914769464134,5.515203957908302,65.82934875775027,69.96771770524356,-4.138368947493291,1
IEEE-57_v57_core_b4l10_001,IEEE-57,200.0,16,False,40,1471.2933153036267,-24.124578397949804,"{16: 150.0, 12: 75.0}",2,225.0,39.30867700314889,0.3019796063045127,39.00669739684437,99.23177367103878,0.0125,0.9375,1,75,80,163.38914769464134,13.389147694641338,-346.1526424159674,34.45372764550848,-380.6063700614759,1
IEEE-57_v57_core_b4l10_001,IEEE-57,350.0,16,False,40,1621.2933153036267,-24.124578397949804,"{16: 150.0, 12: 75.0}",2,225.0,187.3587965700837,4.53330444362486,182.82549212645884,97.58041547735436,0.0,0.75,0,60,80,313.38914769464134,163.38914769464134,-340.27154585396056,-307.33923559377945,-32.93231026018111,1
IEEE-57_v57_core_b4l10_001,IEEE-57,500.0,16,False,40,1771.2933153036267,-24.124578397949804,"{16: 150.0, 12: 75.0}",2,225.0,335.48379657008365,149.28939686426142,186.19439970582224,55.50026606633016,0.0,0.0,0,0,80,463.3891476946413,313.3891476946413,-340.27154585396056,-371.7552971867117,31.48375133275113,1
IEEE-57_v57_core_b4l10_002,IEEE-57,0.0,16,True,40,1225.5746497106222,-24.46029490999153,"{16: 175.0, 10: 100.0}",2,275.0,0.0752064269343666,0.0601449511007804,0.0150614758335862,20.026846703846896,0.9625,0.9625,77,77,80,3.882622785413236,3.882622785413236,75.32225796052444,97.59353283928068,-22.27127487875623,1
IEEE-57_v57_core_b4l10_002,IEEE-57,50.0,16,True,40,1275.5746497106225,-24.46029490999153,"{16: 175.0, 10: 100.0}",2,275.0,0.3124228241392705,0.0601449511007804,0.2522778730384901,80.74886133352112,0.95,0.9625,76,77,80,18.81218983752123,3.882622785413236,41.61937119898721,106.44190040060856,-64.82252920162136,1
IEEE-57_v57_core_b4l10_002,IEEE-57,100.0,16,True,40,1325.5746497106225,-169.94649759111613,"{16: 150.0, 12: 75.0, 10: 75.0}",3,300.0,0.9383640154249294,0.0616201987424617,0.8767438166824677,93.43323084330363,0.95,0.9625,76,77,80,68.81218983752123,3.882622785413236,113.35340599013944,122.06842757025332,-8.715021580113898,1
IEEE-57_v57_core_b4l10_002,IEEE-57,200.0,16,False,40,1425.5746497106225,-24.46029490999153,"{16: 175.0, 10: 100.0}",2,275.0,10.890259889734375,0.066892744328719,10.823367145405657,99.38575621696802,0.025,0.9625,2,77,80,168.81218983752123,3.882622785413236,-344.0796896455904,43.62658878054572,-387.7062784261361,1
IEEE-57_v57_core_b4l10_002,IEEE-57,350.0,16,False,40,1575.5746497106225,-24.46029490999153,"{16: 175.0, 10: 100.0}",2,275.0,158.81011057688073,2.405470072176148,156.4046405047046,98.48531679536131,0.0,0.925,0,74,80,318.81218983752126,143.81218983752126,-328.0323991937439,-54.82782054288327,-273.20457865086064,1
IEEE-57_v57_core_b4l10_002,IEEE-57,500.0,16,False,40,1725.5746497106225,-24.46029490999153,"{16: 175.0, 10: 100.0}",2,275.0,306.9351105768807,111.89553817629807,195.03957240058256,63.5442364459407,0.0,0.0,0,0,80,468.8121898375212,293.8121898375212,-328.0323991937439,-225.5137140843799,-102.518685109364,1
IEEE-57_v57_core_b4l10_003,IEEE-57,0.0,16,True,40,1209.2035460576235,-25.71883096405123,"{16: 175.0, 12: 100.0}",2,275.0,0.0752505806374221,0.0752505806374221,0.0,0.0,0.975,0.975,78,78,80,4.6248940300378925,4.6248940300378925,51.37504973585237,58.38835829112395,-7.013308555271578,1
IEEE-57_v57_core_b4l10_003,IEEE-57,50.0,16,True,40,1259.2035460576235,-25.71883096405123,"{16: 175.0, 12: 100.0}",2,275.0,0.4533094522067449,0.0752505806374221,0.3780588715693227,83.39973272758893,0.9625,0.975,77,78,80,30.244709725545817,4.6248940300378925,20.933929521295795,59.27345441441685,-38.33952489312105,1
IEEE-57_v57_core_b4l10_003,IEEE-57,100.0,16,True,40,1309.2035460576235,-25.71883096405123,"{16: 175.0, 12: 100.0}",2,275.0,1.078309452206745,0.075250580637422,1.0030588715693227,93.02142993521733,0.9625,0.975,77,78,80,80.24470972554582,4.6248940300378925,54.96254046915419,80.08530998071365,-25.12276951155945,1
IEEE-57_v57_core_b4l10_003,IEEE-57,200.0,16,True,40,1409.2035460576235,-1523.7853658974382,"{16: 100.0, 12: 100.0, 10: 75.0, 51: 50.0}",4,325.0,4.48640281113067,1.078309452206745,3.4080933589239253,75.9649434613521,0.8625,0.9625,69,77,80,180.24470972554585,80.24470972554582,-233.39216200145165,-24.811773180055752,-208.5803888213959,1
IEEE-57_v57_core_b4l10_003,IEEE-57,350.0,16,False,40,1559.2035460576235,-25.71883096405123,"{16: 175.0, 12: 100.0}",2,275.0,149.76188013468013,2.560368323776067,147.2015118109041,98.29037381109696,0.0,0.95,0,76,80,330.2447097255458,155.24470972554582,-612.6174493916296,-45.533536972761794,-567.0839124188678,1
IEEE-57_v57_core_b4l10_003,IEEE-57,500.0,16,False,40,1709.203546057624,-25.71883096405123,"{16: 175.0, 12: 100.0}",2,275.0,297.8868801346801,122.78748308447084,175.09939705020932,58.78049982296759,0.0,0.0,0,0,80,480.2447097255459,305.2447097255459,-612.6174493916296,-157.67570827613235,-454.9417411154973,1
IEEE-57_v57_core_b4l10_004,IEEE-57,0.0,16,True,40,1115.467273123118,-23.462122870522627,"{16: 125.0, 12: 100.0}",2,225.0,0.0428806229403476,0.0428806229403476,0.0,0.0,0.975,0.975,78,78,80,3.0895323562333483,3.0895323562333483,33.397891323395015,37.65270338811206,-4.254812064717044,1
IEEE-57_v57_core_b4l10_004,IEEE-57,50.0,16,True,40,1165.467273123118,-23.462122870522627,"{16: 125.0, 12: 100.0}",2,225.0,0.3770183635038565,0.0428806229403475,0.334137740563509,88.62638346264295,0.9625,0.975,77,78,80,26.73101924508072,3.0895323562333483,6.187308681659488,59.39751479686674,-53.21020611520726,1
IEEE-57_v57_core_b4l10_004,IEEE-57,100.0,16,True,40,1215.467273123118,-23.462122870522627,"{16: 125.0, 12: 100.0}",2,225.0,1.0020183635038564,0.0428806229403475,0.9591377405635088,95.72057514091831,0.9625,0.975,77,78,80,76.73101924508072,3.0895323562333483,9.353734161672037,51.849533051045,-42.49579888937296,1
IEEE-57_v57_core_b4l10_004,IEEE-57,200.0,16,True,40,1315.467273123118,-159.06106895915747,"{16: 125.0, 12: 50.0, 10: 50.0}",3,225.0,3.924693492127962,0.6895183635038564,3.235175128624105,82.43128119719738,0.8875,0.9625,71,77,80,176.73101924508072,51.73101924508072,-174.50593595344617,-13.150229428392777,-161.3557065250534,1
IEEE-57_v57_core_b4l10_004,IEEE-57,350.0,16,False,40,1465.467273123118,-23.462122870522627,"{16: 125.0, 12: 100.0}",2,225.0,144.8695253838877,20.490098214370363,124.37942716951731,85.85617081296157,0.0,0.0,0,0,80,326.73101924508074,201.73101924508077,-201.7321970942212,-81.31506932024422,-120.41712777397696,1
IEEE-57_v57_core_b4l10_004,IEEE-57,500.0,16,False,40,1615.467273123118,-23.462122870522627,"{16: 125.0, 12: 100.0}",2,225.0,292.99452538388766,168.61509821437036,124.3794271695173,42.45110962621322,0.0,0.0,0,0,80,476.7310192450808,351.73101924508074,-201.73219709422847,-81.31506932024786,-120.4171277739806,1
IEEE-57_v57_core_b4l10_005,IEEE-57,0.0,16,True,40,1250.2066363613053,-23.69048992853124,"{16: 125.0, 12: 125.0}",2,250.0,0.0921568990759195,0.0989780788148025,-0.006821179738883,-7.401702756148167,0.975,0.95,78,76,80,3.894824918948068,3.894824918948068,53.520240916237526,66.97642742253993,-13.456186506302402,1
IEEE-57_v57_core_b4l10_005,IEEE-57,50.0,16,True,40,1300.2066363613053,-23.69048992853124,"{16: 125.0, 12: 125.0}",2,250.0,0.2718491702601116,0.0997763987801474,0.172072771479964,63.29714794248622,0.95,0.95,76,76,80,13.97380957569905,3.894824918948061,72.02997399601372,104.0409479219088,-32.01097392589509,1
IEEE-57_v57_core_b4l10_005,IEEE-57,100.0,16,True,40,1350.2066363613053,-158.8300186523607,"{16: 125.0, 12: 75.0, 10: 75.0}",3,275.0,1.1445861370575574,0.0921568990759194,1.052429237981638,91.94845227526244,0.9125,0.975,73,78,80,63.97380957569905,3.894824918948061,86.69405519166685,55.81740998960413,30.87664520206272,1
IEEE-57_v57_core_b4l10_005,IEEE-57,200.0,16,False,40,1450.2066363613053,-23.69048992853124,"{16: 125.0, 12: 125.0}",2,250.0,33.02573541340415,0.5793295187721574,32.446405894631994,98.24582401717836,0.0125,0.9625,1,77,80,163.97380957569905,38.97380957569905,-457.1750086881257,14.081405089324107,-471.2564137774498,1
IEEE-57_v57_core_b4l10_005,IEEE-57,350.0,16,False,40,1600.2066363613053,-23.69048992853124,"{16: 125.0, 12: 125.0}",2,250.0,181.0483553633356,8.862156588710569,172.186198774625,95.10508859860911,0.0,0.0,0,0,80,313.973809575699,188.97380957569905,-444.4049096333693,-183.7728996130354,-260.63201002033384,1
IEEE-57_v57_core_b4l10_005,IEEE-57,500.0,16,False,40,1750.2066363613053,-23.69048992853124,"{16: 125.0, 12: 125.0}",2,250.0,329.1733553633356,156.98715658871052,172.18619877462507,52.30866835639509,0.0,0.0,0,0,80,463.973809575699,338.973809575699,-444.4049096333693,-183.77289961303904,-260.6320100203302,1
IEEE-57_v57_core_b4l10_006,IEEE-57,0.0,16,True,40,1146.8917105421697,-24.46029490999153,"{16: 175.0, 10: 100.0}",2,275.0,0.1013185844395136,0.0883599671689571,0.0129586172705564,12.789970706995677,0.9625,0.975,77,78,80,4.097138920626307,4.097138920626307,55.01161666151165,73.81642622376603,-18.804809562254377,1
IEEE-57_v57_core_b4l10_006,IEEE-57,50.0,16,True,40,1196.8917105421697,-24.46029490999153,"{16: 175.0, 10: 100.0}",2,275.0,0.3151285682869488,0.088359967168957,0.2267686011179917,71.96066112022618,0.95,0.975,76,78,80,16.9555074480227,4.097138920626307,31.97960081011115,71.00980137453553,-39.030200564424376,1
IEEE-57_v57_core_b4l10_006,IEEE-57,100.0,16,True,40,1246.8917105421697,-24.46029490999153,"{16: 175.0, 10: 100.0}",2,275.0,0.9576079295846996,0.088359967168957,0.8692479624157425,90.77284508209142,0.9375,0.975,75,78,80,66.9555074480227,4.097138920626307,46.52220397822384,106.38800223954604,-59.8657982613222,1
IEEE-57_v57_core_b4l10_006,IEEE-57,200.0,16,True,40,1346.8917105421697,-205.1286592758958,"{16: 150.0, 12: 100.0, 10: 75.0}",3,325.0,4.436786354055355,0.3016564738175035,4.135129880237852,93.2010142083632,0.825,0.95,66,76,80,166.9555074480227,16.9555074480227,-131.4052590352003,26.27390816378465,-157.67916719898494,1
IEEE-57_v57_core_b4l10_006,IEEE-57,350.0,16,False,40,1496.8917105421697,-24.46029490999153,"{16: 175.0, 10: 100.0}",2,275.0,140.12838652711665,2.3429412577629454,137.7854452693537,98.32800382861072,0.0,0.9,0,72,80,316.9555074480227,141.95550744802267,-552.1371549142714,18.36799521164357,-570.505150125915,1
IEEE-57_v57_core_b4l10_006,IEEE-57,500.0,16,False,40,1646.8917105421697,-24.46029490999153,"{16: 175.0, 10: 100.0}",2,275.0,288.2533865271168,110.13615794462352,178.1172285824932,61.79189453017485,0.0,0.0,0,0,80,466.95550744802273,291.9555074480228,-552.1371549142605,-163.8981984344282,-388.23895647983227,1
IEEE-57_v57_core_b4l10_007,IEEE-57,0.0,16,True,40,1124.2786305865004,-22.735573693187952,"{16: 150.0, 12: 50.0}",2,200.0,0.0863378488134598,0.1013169191732082,-0.0149790703597483,-17.34936712647525,0.9625,0.95,77,76,80,4.121365730157703,4.121365730157703,46.21865476314997,51.31996846329275,-5.101313700142782,1
IEEE-57_v57_core_b4l10_007,IEEE-57,50.0,16,True,40,1174.2786305865004,-22.735573693187952,"{16: 150.0, 12: 50.0}",2,200.0,0.2281238210854299,0.1054760553472875,0.1226477657381423,53.76368200154427,0.95,0.95,76,76,80,11.167826774932903,4.121365730157703,24.97449393691204,68.10233993615839,-43.12784599924635,1
IEEE-57_v57_core_b4l10_007,IEEE-57,100.0,16,True,40,1224.2786305865004,-22.735573693187952,"{16: 150.0, 12: 50.0}",2,200.0,0.8699889520658337,0.0955644908920099,0.7744244611738238,89.01543626903685,0.9375,0.95,75,76,80,61.167826774932905,4.121365730157703,24.782250465956167,74.44765951129557,-49.6654090453394,1
IEEE-57_v57_core_b4l10_007,IEEE-57,200.0,16,True,40,1324.2786305865004,-164.06840347118623,"{16: 125.0, 12: 50.0, 10: 50.0}",3,225.0,4.1786291371098265,0.5376258894354699,3.641003247674357,87.1339170863265,0.85,0.9625,68,77,80,161.1678267749329,36.167826774932905,-125.3871602000654,1.1631093968026107,-126.55026959686802,1
IEEE-57_v57_core_b4l10_007,IEEE-57,350.0,16,False,40,1474.2786305865004,-22.735573693187952,"{16: 150.0, 12: 50.0}",2,200.0,134.6057216794915,3.299208020946274,131.3065136585452,97.5489838174918,0.0,0.9,0,72,80,311.1678267749329,161.1678267749329,-560.1960888814938,-109.83266272903349,-450.3634261524603,1
IEEE-57_v57_core_b4l10_007,IEEE-57,500.0,16,False,40,1624.2786305865004,-22.735573693187952,"{16: 150.0, 12: 50.0}",2,200.0,282.73072167949147,129.50848777585412,153.22223390363737,54.19369815683942,0.0,0.0,0,0,80,461.1678267749329,311.16782677493285,-560.1960888814901,-199.88804575585527,-360.30804312563487,1
IEEE-57_v57_core_b4l10_008,IEEE-57,0.0,16,True,40,1312.231424412884,-24.81117480376513,"{16: 200.0, 10: 100.0}",2,300.0,0.0965676466056763,0.096745862780145,-0.0001782161744686,-0.184550603367632,0.9625,0.9625,77,77,80,3.6636629281640536,3.6636629281640536,75.35006129047179,110.14040498979556,-34.790343699323785,1
IEEE-57_v57_core_b4l10_008,IEEE-57,50.0,16,True,40,1362.231424412884,-191.00874554326415,"{16: 150.0, 12: 100.0, 10: 75.0, 51: 50.0}",4,375.0,0.4881416778498312,0.1023626064231178,0.3857790714267134,79.03014410201457,0.9125,0.95,73,76,80,25.307436546807708,3.6636629281640536,204.22328219016345,75.20204840597034,129.0212337841931,1
IEEE-57_v57_core_b4l10_008,IEEE-57,100.0,16,True,40,1412.231424412884,-215.01766250924567,"{16: 150.0, 12: 100.0, 10: 75.0, 51: 50.0}",4,375.0,1.8465614643012287,0.0938626253773948,1.7526988389238338,94.9168967731646,0.9,0.9625,72,77,80,75.30743654680771,3.6636629281640536,-3.836639366963937,68.08185934263747,-71.91849870960141,1
IEEE-57_v57_core_b4l10_008,IEEE-57,200.0,16,False,40,1512.231424412884,-24.81117480376513,"{16: 200.0, 10: 100.0}",2,300.0,61.52179979198111,0.0905519602390216,61.43124783174209,99.85281321329155,0.0,0.975,0,78,80,175.3074365468077,3.6636629281640536,-496.5218015581195,42.92741249756,-539.4492140556795,1
IEEE-57_v57_core_b4l10_008,IEEE-57,350.0,16,False,40,1662.231424412884,-24.81117480376513,"{16: 200.0, 10: 100.0}",2,300.0,209.64679979198095,3.0094473806364337,206.63735241134452,98.56451546905436,0.0,0.875,0,70,80,325.3074365468077,125.30743654680772,-496.5218015581195,-82.69903223625806,-413.8227693218614,1
IEEE-57_v57_core_b4l10_008,IEEE-57,500.0,16,False,40,1812.231424412884,-24.81117480376513,"{16: 200.0, 10: 100.0}",2,300.0,357.771799791981,123.21452972263482,234.55727006934612,65.56058085229877,0.0,0.0,0,0,80,475.3074365468077,275.30743654680765,-496.5218015581195,-690.1652944226516,193.64349286453216,1
IEEE-57_v57_core_b4l10_009,IEEE-57,0.0,16,True,40,1172.812117162206,-23.90098681431855,"{16: 175.0, 51: 75.0}",2,250.0,0.064473720704201,0.0564795652019196,0.0079941555022814,12.399091311881651,0.9625,0.975,77,78,80,2.872695748063266,2.872695748063266,48.98053333044663,85.30496650161695,-36.32443317117031,1
IEEE-57_v57_core_b4l10_009,IEEE-57,50.0,16,True,40,1222.812117162206,-23.90098681431855,"{16: 175.0, 51: 75.0}",2,250.0,0.3702214818131822,0.0564795652019196,0.3137419166112626,84.74438465177452,0.95,0.975,76,78,80,24.33554911848995,2.872695748063266,39.367517298687744,93.16093678360994,-53.7934194849222,1
IEEE-57_v57_core_b4l10_009,IEEE-57,100.0,16,True,40,1272.812117162206,-23.90098681431855,"{16: 175.0, 51: 75.0}",2,250.0,1.0053152125737768,0.0564795652019195,0.9488356473718572,94.38190484979113,0.9375,0.975,75,78,80,74.33554911848995,2.872695748063266,94.99276306871252,113.30569997896964,-18.31293691025712,1
IEEE-57_v57_core_b4l10_009,IEEE-57,200.0,16,False,40,1372.812117162206,-23.90098681431855,"{16: 175.0, 51: 75.0}",2,250.0,8.624311030986632,0.0564795652019194,8.567831465784712,99.34511214868073,0.1625,0.975,13,78,80,174.33554911848995,2.872695748063266,-586.318910400365,29.276428546741958,-615.5953389471069,1
IEEE-57_v57_core_b4l10_009,IEEE-57,350.0,16,False,40,1522.812117162206,-23.90098681431855,"{16: 175.0, 51: 75.0}",2,250.0,156.15985159494753,2.8832139075329324,153.2766376874146,98.15367786400596,0.0,0.9125,0,73,80,324.33554911848995,149.33554911848995,-415.2179475436533,-70.23872989109805,-344.97921765255523,1
IEEE-57_v57_core_b4l10_009,IEEE-57,500.0,16,False,40,1672.812117162206,-23.90098681431855,"{16: 175.0, 51: 75.0}",2,250.0,304.2848515949475,118.54036686267273,185.7444847322748,61.04296147464179,0.0,0.0,0,0,80,474.33554911849,299.33554911848995,-415.2179475436714,-193.7181652920372,-221.49978225163431,1
