instance_id,grid,B,L,m_base,m_extended,qubits_base,qubits_extended,capacity,extra_qubits,gqe_cost,mip_cost,exact_match,mip_ms,mip_status,n_sites,total_mw,total_mwh,n_islanded,islanded_buses,islanded_and_sited,local_served_mw,max_exposure_mw,plan,levels
IEEE-118_v118_core_b4l10_000,IEEE-118,4,10,40,44,6,6,45,0,-16.303062801672755,-16.303062801672755,True,35.26568412780762,optimal,2,250.0,1000.0,0,[],0,0.0,0.0,"{106: 150.0, 75: 100.0}","[6, 4, 0, 0]"
IEEE-118_v118_core_b4l10_002,IEEE-118,4,10,40,44,6,6,45,0,-16.26647432590331,-16.72706110474715,False,17.042160034179688,optimal,3,275.0,1100.0,0,[],0,0.0,0.0,"{106: 100.0, 75: 75.0, 107: 100.0}","[4, 3, 4, 0]"
IEEE-118_v118_core_b4l10_004,IEEE-118,4,10,40,44,6,6,45,0,-9.447001941327134,-9.447001941327134,True,14.822721481323242,optimal,3,325.0,1300.0,0,[],0,0.0,0.0,"{106: 100.0, 75: 125.0, 118: 100.0}","[4, 5, 0, 4]"
IEEE-118_v118_core_b4l10_006,IEEE-118,4,10,40,44,6,6,45,0,-7.706053636582741,-7.706053636582741,True,25.632143020629883,optimal,2,225.0,900.0,0,[],0,0.0,0.0,"{106: 100.0, 75: 125.0}","[4, 5, 0, 0]"
IEEE-118_v118_core_b5l9_000,IEEE-118,5,9,45,50,6,7,63,1,-17.937904115293822,-17.937904115293822,True,18.76974105834961,optimal,3,350.0,1400.0,0,[],0,0.0,0.0,"{106: 100.0, 75: 125.0, 42: 125.0}","[4, 5, 0, 0, 5]"
IEEE-118_v118_core_b5l9_002,IEEE-118,5,9,45,50,6,7,63,1,-22.13150435146902,-22.13150435146902,True,36.97562217712402,optimal,4,425.0,1700.0,0,[],0,0.0,0.0,"{106: 125.0, 75: 100.0, 107: 125.0, 42: 75.0}","[5, 4, 5, 0, 3]"
IEEE-118_v118_core_b5l9_004,IEEE-118,5,9,45,50,6,7,63,1,-22.677984234116803,-22.677984234116803,True,9.7198486328125,optimal,3,275.0,1100.0,0,[],0,0.0,0.0,"{106: 125.0, 75: 75.0, 42: 75.0}","[5, 3, 0, 0, 3]"
IEEE-118_v118_core_b5l9_006,IEEE-118,5,9,45,50,6,7,63,1,-16.774253425002524,-16.774253425002524,True,10.41412353515625,optimal,3,325.0,1300.0,0,[],0,0.0,0.0,"{106: 100.0, 118: 100.0, 42: 125.0}","[4, 0, 0, 4, 5]"
IEEE-14_core_b4l10_000,IEEE-14,4,10,40,44,6,6,45,0,-1.618209615967399,-1.618209615967399,True,16.80302619934082,optimal,1,50.0,200.0,1,[14],1,19.08633037000445,0.2677493103108985,{14: 50.0},"[0, 0, 0, 2]"
IEEE-14_core_b4l10_002,IEEE-14,4,10,40,44,6,6,45,0,-5.219661618708788,-5.306622581715796,False,10.817289352416992,optimal,1,125.0,500.0,0,[],0,0.0,0.0,{4: 125.0},"[0, 0, 5, 0]"
IEEE-14_core_b4l10_004,IEEE-14,4,10,40,44,6,6,45,0,-1.618209615967399,-1.618209615967399,True,17.13252067565918,optimal,1,50.0,200.0,1,[14],1,16.276874043793804,0.2096076858640445,{14: 50.0},"[0, 0, 0, 2]"
IEEE-14_core_b4l10_006,IEEE-14,4,10,40,44,6,6,45,0,-27.184031274077924,-30.448242069632087,False,48.59781265258789,optimal,2,250.0,1000.0,0,[],0,0.0,0.1565990843954278,"{9: 175.0, 4: 75.0}","[7, 0, 3, 0]"
IEEE-14_core_b5l9_000,IEEE-14,5,9,45,50,6,7,63,1,-33.2688007640227,-33.2688007640227,True,22.379159927368164,optimal,2,250.0,1000.0,0,[],0,0.0,0.1262464783779239,"{9: 125.0, 10: 125.0}","[5, 5, 0, 0, 0]"
IEEE-14_core_b5l9_002,IEEE-14,5,9,45,50,6,7,63,1,-30.91120463914064,-33.2688007640227,False,28.531551361083984,optimal,2,250.0,1000.0,0,[],0,0.0,0.073587055553184,"{9: 150.0, 14: 100.0}","[6, 0, 0, 4, 0]"
IEEE-14_core_b5l9_004,IEEE-14,5,9,45,50,6,7,63,1,-12.23612161398428,-15.76015211208668,False,17.52614974975586,optimal,2,275.0,1100.0,0,[],0,0.0,0.0,"{9: 150.0, 11: 125.0}","[6, 0, 0, 0, 5]"
IEEE-14_core_b5l9_006,IEEE-14,5,9,45,50,6,7,63,1,-12.23612161398428,-15.76015211208668,False,23.956775665283203,optimal,2,275.0,1100.0,0,[],0,0.0,0.1873908036233405,"{9: 150.0, 11: 125.0}","[6, 0, 0, 0, 5]"
IEEE-30_v30_core_b4l10_000,IEEE-30,4,10,40,44,6,6,45,0,-9.529155777470963,-9.529155777470963,True,32.08422660827637,optimal,2,250.0,1000.0,0,[],0,0.0,0.0,"{8: 125.0, 28: 125.0}","[5, 5, 0, 0]"
IEEE-30_v30_core_b4l10_002,IEEE-30,4,10,40,44,6,6,45,0,-9.213061990675154,-9.529155777470963,False,20.14350891113281,optimal,2,225.0,900.0,0,[],0,0.0,0.0,"{8: 125.0, 27: 100.0}","[5, 0, 0, 4]"
IEEE-30_v30_core_b4l10_004,IEEE-30,4,10,40,44,6,6,45,0,-8.371691025489067,-8.371691025489067,True,10.767698287963867,optimal,1,125.0,500.0,0,[],0,0.0,0.0,{8: 125.0},"[5, 0, 0, 0]"
IEEE-30_v30_core_b4l10_006,IEEE-30,4,10,40,44,6,6,45,0,-9.529155777470963,-9.529155777470963,True,21.248579025268555,optimal,2,250.0,1000.0,0,[],0,0.0,0.0,"{8: 125.0, 28: 125.0}","[5, 5, 0, 0]"
IEEE-30_v30_core_b5l9_000,IEEE-30,5,9,45,50,6,7,63,1,-9.274977316582069,-9.274977316582069,True,8.67605209350586,optimal,1,125.0,500.0,0,[],0,0.0,0.1579565339966287,{8: 125.0},"[5, 0, 0, 0, 0]"
IEEE-30_v30_core_b5l9_002,IEEE-30,5,9,45,50,6,7,63,1,-8.61733718139044,-8.622681770679957,False,20.68161964416504,optimal,2,250.0,1000.0,0,[],0,0.0,0.0583917591957428,"{8: 125.0, 28: 125.0}","[5, 5, 0, 0, 0]"
IEEE-30_v30_core_b5l9_004,IEEE-30,5,9,45,50,6,7,63,1,-6.363161934348359,-8.622681770679957,False,31.749963760375977,optimal,1,150.0,600.0,0,[],0,0.0,0.0819838597824278,{8: 150.0},"[6, 0, 0, 0, 0]"
IEEE-30_v30_core_b5l9_006,IEEE-30,5,9,45,50,6,7,63,1,-9.274977316582069,-9.274977316582069,True,8.620977401733398,optimal,1,125.0,500.0,0,[],0,0.0,0.2196591760131994,{8: 125.0},"[5, 0, 0, 0, 0]"
IEEE-57_v57_core_b4l10_000,IEEE-57,4,10,40,44,6,6,45,0,-24.46029490999153,-25.71883096405123,False,15.071630477905272,optimal,2,275.0,1100.0,0,[],0,0.0,0.0,"{16: 175.0, 10: 100.0}","[7, 0, 4, 0]"
IEEE-57_v57_core_b4l10_002,IEEE-57,4,10,40,44,6,6,45,0,-24.19565398195581,-25.71883096405123,False,33.434152603149414,optimal,2,275.0,1100.0,0,[],0,0.0,0.0,"{16: 175.0, 51: 100.0}","[7, 0, 0, 4]"
IEEE-57_v57_core_b4l10_004,IEEE-57,4,10,40,44,6,6,45,0,-23.462122870522627,-23.53857364607221,False,9.529590606689451,optimal,2,225.0,900.0,0,[],0,0.0,0.0,"{16: 125.0, 12: 100.0}","[5, 4, 0, 0]"
IEEE-57_v57_core_b4l10_006,IEEE-57,4,10,40,44,6,6,45,0,-25.94719802205985,-25.94719802205985,True,14.386415481567385,optimal,2,300.0,1200.0,0,[],0,0.0,0.0,"{16: 175.0, 12: 125.0}","[7, 5, 0, 0]"
IEEE-57_v57_core_b5l9_000,IEEE-57,5,9,45,50,6,7,63,1,-29.36817484116323,-29.36817484116323,True,7.841587066650391,optimal,2,350.0,1400.0,0,[],0,0.0,0.0,"{16: 225.0, 12: 125.0}","[9, 5, 0, 0, 0]"
IEEE-57_v57_core_b5l9_002,IEEE-57,5,9,45,50,6,7,63,1,-28.596685521791528,-29.36817484116323,False,8.270740509033203,optimal,3,425.0,1700.0,0,[],0,0.0,0.0,"{16: 200.0, 12: 125.0, 10: 100.0}","[8, 5, 4, 0, 0]"
IEEE-57_v57_core_b5l9_004,IEEE-57,5,9,45,50,6,7,63,1,-29.36817484116323,-29.36817484116323,True,9.733915328979492,optimal,2,350.0,1400.0,0,[],0,0.0,0.0,"{16: 225.0, 12: 125.0}","[9, 5, 0, 0, 0]"
IEEE-57_v57_core_b5l9_006,IEEE-57,5,9,45,50,6,7,63,1,-28.466033616844776,-28.466033616844776,True,8.807182312011719,optimal,2,275.0,1100.0,0,[],0,0.0,0.0,"{16: 175.0, 12: 100.0}","[7, 4, 0, 0, 0]"
IEEE-118_v118_core_b4l10_001,IEEE-118,4,10,40,44,6,6,45,0,-16.58326897272979,-16.58326897272979,True,16.461849212646484,optimal,3,350.0,1400.0,0,[],0,0.0,0.0,"{106: 125.0, 75: 100.0, 107: 125.0}","[5, 4, 5, 0]"
IEEE-118_v118_core_b4l10_003,IEEE-118,4,10,40,44,6,6,45,0,-16.4956876066991,-16.4956876066991,True,18.34678649902344,optimal,3,350.0,1400.0,0,[],0,0.0,0.0,"{106: 125.0, 75: 100.0, 107: 125.0}","[5, 4, 5, 0]"
IEEE-118_v118_core_b4l10_005,IEEE-118,4,10,40,44,6,6,45,0,-6.81198922743806,-7.564074341215127,False,18.60880851745605,optimal,2,200.0,800.0,0,[],0,0.0,0.0,"{106: 75.0, 75: 125.0}","[3, 5, 0, 0]"
IEEE-118_v118_core_b4l10_007,IEEE-118,4,10,40,44,6,6,45,0,-8.370761972544589,-8.370761972544589,True,33.76626968383789,optimal,2,225.0,900.0,0,[],0,0.0,0.0,"{106: 100.0, 75: 125.0}","[4, 5, 0, 0]"
IEEE-118_v118_core_b5l9_001,IEEE-118,5,9,45,50,6,7,63,1,-25.425845496312547,-25.425845496312547,True,11.033058166503906,optimal,3,325.0,1300.0,0,[],0,0.0,0.0,"{106: 125.0, 75: 100.0, 42: 100.0}","[5, 4, 0, 0, 4]"
IEEE-118_v118_core_b5l9_003,IEEE-118,5,9,45,50,6,7,63,1,-12.552686611575464,-12.552686611575464,True,8.595466613769531,optimal,3,300.0,1200.0,0,[],0,0.0,0.0,"{106: 100.0, 118: 100.0, 42: 100.0}","[4, 0, 0, 4, 4]"
IEEE-118_v118_core_b5l9_005,IEEE-118,5,9,45,50,6,7,63,1,-21.80149345208788,-21.80149345208788,True,10.925054550170898,optimal,3,350.0,1400.0,0,[],0,0.0,0.0,"{106: 125.0, 75: 125.0, 42: 100.0}","[5, 5, 0, 0, 4]"
IEEE-118_v118_core_b5l9_007,IEEE-118,5,9,45,50,6,7,63,1,-24.40590527603284,-24.40590527603284,True,18.345355987548828,optimal,3,350.0,1400.0,0,[],0,0.0,0.0,"{106: 150.0, 75: 100.0, 42: 100.0}","[6, 4, 0, 0, 4]"
IEEE-14_core_b4l10_001,IEEE-14,4,10,40,44,6,6,45,0,-0.8014169239501245,-0.8014169239501245,True,17.038345336914062,optimal,1,50.0,200.0,1,[14],1,15.442154764100769,0.0232713033737244,{14: 50.0},"[0, 0, 0, 2]"
IEEE-14_core_b4l10_003,IEEE-14,4,10,40,44,6,6,45,0,-11.744218639965348,-12.49464659130162,False,31.629085540771484,optimal,2,300.0,1200.0,0,[],0,0.0,0.1479903612448218,"{10: 150.0, 4: 150.0}","[0, 6, 6, 0]"
IEEE-14_core_b4l10_005,IEEE-14,4,10,40,44,6,6,45,0,-11.986552133566253,-11.986552133566253,True,28.31244468688965,optimal,2,225.0,900.0,0,[],0,0.0,0.1626857260297382,"{9: 125.0, 4: 100.0}","[5, 0, 4, 0]"
IEEE-14_core_b4l10_007,IEEE-14,4,10,40,44,6,6,45,0,0.0,0.0,True,2.4061203002929688,optimal,0,0.0,0.0,0,[],0,0.0,0.0,{},"[0, 0, 0, 0]"
IEEE-14_core_b5l9_001,IEEE-14,5,9,45,50,6,7,63,1,0.0,0.0,True,7.639884948730469,optimal,0,0.0,0.0,0,[],0,0.0,0.0,{},"[0, 0, 0, 0, 0]"
IEEE-14_core_b5l9_003,IEEE-14,5,9,45,50,6,7,63,1,-1.217055601628796,-1.217055601628796,True,8.00013542175293,optimal,1,50.0,200.0,0,[],0,0.0,0.0,{11: 50.0},"[0, 0, 0, 0, 2]"
IEEE-14_core_b5l9_005,IEEE-14,5,9,45,50,6,7,63,1,-0.4586759842986492,-2.7862574241623617,False,10.186433792114258,optimal,2,150.0,600.0,0,[],0,0.0,0.0,"{4: 75.0, 11: 75.0}","[0, 0, 3, 0, 3]"
IEEE-14_core_b5l9_007,IEEE-14,5,9,45,50,6,7,63,1,-36.29107256327213,-36.29107256327213,True,28.37920188903809,optimal,2,300.0,1200.0,0,[],0,0.0,0.1836914433730027,"{9: 150.0, 10: 150.0}","[6, 6, 0, 0, 0]"
IEEE-30_v30_core_b4l10_001,IEEE-30,4,10,40,44,6,6,45,0,-6.8270413487775805,-7.092923820042806,False,20.108461380004883,optimal,2,225.0,900.0,0,[],0,0.0,0.0,"{8: 125.0, 27: 100.0}","[5, 0, 0, 4]"
IEEE-30_v30_core_b4l10_003,IEEE-30,4,10,40,44,6,6,45,0,-9.529155777470963,-9.529155777470963,True,20.71547508239746,optimal,2,250.0,1000.0,0,[],0,0.0,0.0,"{8: 125.0, 28: 125.0}","[5, 5, 0, 0]"
IEEE-30_v30_core_b4l10_005,IEEE-30,4,10,40,44,6,6,45,0,-5.797623406538703,-9.529155777470963,False,12.785196304321287,optimal,3,350.0,1400.0,0,[],0,0.0,0.0,"{8: 125.0, 28: 125.0, 27: 100.0}","[5, 5, 0, 4]"
IEEE-30_v30_core_b4l10_007,IEEE-30,4,10,40,44,6,6,45,0,-9.583061990675157,-9.583061990675157,True,21.51107788085937,optimal,2,225.0,900.0,1,[29],1,2.436815267392888,0.1282534351259414,"{8: 125.0, 29: 100.0}","[5, 0, 4, 0]"
IEEE-30_v30_core_b5l9_001,IEEE-30,5,9,45,50,6,7,63,1,-8.587214362468062,-11.222413584011004,False,27.48894691467285,optimal,3,375.0,1500.0,1,[30],1,9.983573132478105,0.0693408512419683,"{8: 125.0, 28: 125.0, 30: 125.0}","[5, 5, 0, 0, 5]"
IEEE-30_v30_core_b5l9_003,IEEE-30,5,9,45,50,6,7,63,1,-11.135733631827476,-11.135733631827476,True,23.052453994750977,optimal,2,225.0,900.0,1,[30],1,12.566237541487585,0.3362563713600875,"{8: 125.0, 30: 100.0}","[5, 0, 0, 0, 4]"
IEEE-30_v30_core_b5l9_005,IEEE-30,5,9,45,50,6,7,63,1,0.0,0.0,True,1.8873214721679688,optimal,0,0.0,0.0,0,[],0,0.0,0.2807131690956766,{},"[0, 0, 0, 0, 0]"
IEEE-30_v30_core_b5l9_007,IEEE-30,5,9,45,50,6,7,63,1,-6.063827835482799,-8.622681770679957,False,20.68185806274414,optimal,3,375.0,1500.0,1,[30],1,9.91885800910237,0.1416178593952908,"{8: 125.0, 28: 125.0, 30: 125.0}","[5, 5, 0, 0, 5]"
IEEE-57_v57_core_b4l10_001,IEEE-57,4,10,40,44,6,6,45,0,-24.124578397949804,-24.124578397949804,True,16.057729721069336,optimal,2,225.0,900.0,0,[],0,0.0,0.0,"{16: 150.0, 12: 75.0}","[6, 3, 0, 0]"
IEEE-57_v57_core_b4l10_003,IEEE-57,4,10,40,44,6,6,45,0,-24.46029490999153,-25.71883096405123,False,50.676584243774414,optimal,2,275.0,1100.0,0,[],0,0.0,0.0,"{16: 175.0, 10: 100.0}","[7, 0, 4, 0]"
IEEE-57_v57_core_b4l10_005,IEEE-57,4,10,40,44,6,6,45,0,-24.87321393880189,-24.87321393880189,True,10.715007781982422,optimal,2,250.0,1000.0,0,[],0,0.0,0.0,"{16: 150.0, 12: 100.0}","[6, 4, 0, 0]"
IEEE-57_v57_core_b4l10_007,IEEE-57,4,10,40,44,6,6,45,0,-22.735573693187952,-23.53857364607221,False,15.595197677612305,optimal,2,200.0,800.0,0,[],0,0.0,0.0,"{16: 150.0, 12: 50.0}","[6, 2, 0, 0]"
IEEE-57_v57_core_b5l9_001,IEEE-57,5,9,45,50,6,7,63,1,-27.74544308784172,-29.317276050794582,False,7.77125358581543,optimal,3,375.0,1500.0,0,[],0,0.0,0.0,"{16: 175.0, 12: 100.0, 10: 100.0}","[7, 4, 4, 0, 0]"
IEEE-57_v57_core_b5l9_003,IEEE-57,5,9,45,50,6,7,63,1,-27.306928221383828,-29.317276050794582,False,8.75234603881836,optimal,2,300.0,1200.0,0,[],0,0.0,0.0,"{16: 200.0, 51: 100.0}","[8, 0, 0, 4, 0]"
IEEE-57_v57_core_b5l9_005,IEEE-57,5,9,45,50,6,7,63,1,-27.447085085682858,-27.447085085682858,True,8.058786392211914,optimal,2,250.0,1000.0,0,[],0,0.0,0.0,"{16: 150.0, 12: 100.0}","[6, 4, 0, 0, 0]"
IEEE-57_v57_core_b5l9_007,IEEE-57,5,9,45,50,6,7,63,1,-27.76702186164114,-29.36817484116323,False,9.130239486694336,optimal,3,375.0,1500.0,0,[],0,0.0,0.0,"{16: 200.0, 12: 100.0, 10: 75.0}","[8, 4, 3, 0, 0]"
